Cases,year,month,neighbourhood_PK
1,2020,1,94
25,2020,3,94
14,2020,4,94
10,2020,5,94
1,2020,6,94
5,2020,7,94
5,2020,8,94
36,2020,9,94
41,2020,10,94
40,2020,11,94
80,2020,12,94
84,2021,1,94
40,2021,2,94
77,2021,3,94
146,2021,4,94
68,2021,5,94
3,2021,6,94
13,2021,7,94
25,2021,8,94
21,2021,9,94
13,2021,10,94
16,2021,11,94
794,2021,12,94
452,2022,1,94
82,2022,2,94
222,2022,3,94
248,2022,4,94
107,2022,5,94
136,2022,6,94
151,2022,7,94
109,2022,8,94
75,2022,9,94
63,2022,10,94
49,2022,11,94
51,2022,12,94
28,2023,1,94
1,2020,1,63
11,2020,3,63
114,2020,4,63
51,2020,5,63
36,2020,6,63
8,2020,7,63
9,2020,8,63
45,2020,9,63
55,2020,10,63
88,2020,11,63
138,2020,12,63
165,2021,1,63
72,2021,2,63
119,2021,3,63
308,2021,4,63
110,2021,5,63
18,2021,6,63
4,2021,7,63
31,2021,8,63
26,2021,9,63
19,2021,10,63
13,2021,11,63
255,2021,12,63
254,2022,1,63
27,2022,2,63
20,2022,3,63
41,2022,4,63
42,2022,5,63
14,2022,6,63
58,2022,7,63
29,2022,8,63
16,2022,9,63
23,2022,10,63
20,2022,11,63
33,2022,12,63
18,2023,1,63
2,2020,1,96
1,2020,2,96
16,2020,3,96
21,2020,4,96
16,2020,5,96
4,2020,6,96
6,2020,7,96
9,2020,8,96
43,2020,9,96
52,2020,10,96
96,2020,11,96
157,2020,12,96
117,2021,1,96
103,2021,2,96
210,2021,3,96
281,2021,4,96
165,2021,5,96
22,2021,6,96
14,2021,7,96
49,2021,8,96
38,2021,9,96
21,2021,10,96
26,2021,11,96
823,2021,12,96
464,2022,1,96
110,2022,2,96
113,2022,3,96
212,2022,4,96
107,2022,5,96
73,2022,6,96
167,2022,7,96
132,2022,8,96
89,2022,9,96
96,2022,10,96
58,2022,11,96
38,2022,12,96
46,2023,1,96
2,2020,2,23
24,2020,3,23
33,2020,4,23
15,2020,5,23
15,2020,6,23
8,2020,7,23
10,2020,8,23
87,2020,9,23
56,2020,10,23
84,2020,11,23
138,2020,12,23
119,2021,1,23
76,2021,2,23
181,2021,3,23
276,2021,4,23
95,2021,5,23
15,2021,6,23
19,2021,7,23
63,2021,8,23
56,2021,9,23
32,2021,10,23
49,2021,11,23
1090,2021,12,23
509,2022,1,23
98,2022,2,23
184,2022,3,23
272,2022,4,23
123,2022,5,23
94,2022,6,23
172,2022,7,23
116,2022,8,23
76,2022,9,23
67,2022,10,23
41,2022,11,23
69,2022,12,23
42,2023,1,23
1,2020,2,118
13,2020,3,118
28,2020,4,118
16,2020,5,118
5,2020,6,118
6,2020,7,118
3,2020,8,118
26,2020,9,118
51,2020,10,118
86,2020,11,118
213,2020,12,118
176,2021,1,118
84,2021,2,118
133,2021,3,118
235,2021,4,118
110,2021,5,118
11,2021,6,118
3,2021,7,118
33,2021,8,118
29,2021,9,118
19,2021,10,118
16,2021,11,118
359,2021,12,118
299,2022,1,118
31,2022,2,118
33,2022,3,118
113,2022,4,118
54,2022,5,118
32,2022,6,118
123,2022,7,118
51,2022,8,118
30,2022,9,118
40,2022,10,118
27,2022,11,118
26,2022,12,118
29,2023,1,118
1,2020,2,56
7,2020,3,56
26,2020,4,56
53,2020,5,56
7,2020,6,56
2,2020,7,56
5,2020,8,56
17,2020,9,56
48,2020,10,56
82,2020,11,56
110,2020,12,56
251,2021,1,56
90,2021,2,56
123,2021,3,56
295,2021,4,56
110,2021,5,56
5,2021,6,56
14,2021,7,56
21,2021,8,56
21,2021,9,56
8,2021,10,56
20,2021,11,56
384,2021,12,56
326,2022,1,56
45,2022,2,56
34,2022,3,56
79,2022,4,56
52,2022,5,56
33,2022,6,56
62,2022,7,56
48,2022,8,56
36,2022,9,56
35,2022,10,56
21,2022,11,56
33,2022,12,56
20,2023,1,56
1,2020,2,135
2,2020,3,135
8,2020,4,135
21,2020,5,135
14,2020,6,135
9,2020,7,135
3,2020,8,135
8,2020,9,135
55,2020,10,135
126,2020,11,135
238,2020,12,135
189,2021,1,135
62,2021,2,135
84,2021,3,135
231,2021,4,135
95,2021,5,135
12,2021,6,135
3,2021,7,135
7,2021,8,135
12,2021,9,135
4,2021,10,135
6,2021,11,135
230,2021,12,135
230,2022,1,135
35,2022,2,135
34,2022,3,135
89,2022,4,135
38,2022,5,135
41,2022,6,135
83,2022,7,135
145,2022,8,135
36,2022,9,135
46,2022,10,135
30,2022,11,135
63,2022,12,135
28,2023,1,135
1,2020,2,67
10,2020,3,67
191,2020,4,67
41,2020,5,67
18,2020,6,67
4,2020,7,67
6,2020,8,67
55,2020,9,67
67,2020,10,67
128,2020,11,67
265,2020,12,67
357,2021,1,67
174,2021,2,67
288,2021,3,67
347,2021,4,67
125,2021,5,67
22,2021,6,67
5,2021,7,67
36,2021,8,67
37,2021,9,67
25,2021,10,67
30,2021,11,67
454,2021,12,67
545,2022,1,67
47,2022,2,67
46,2022,3,67
119,2022,4,67
81,2022,5,67
43,2022,6,67
107,2022,7,67
71,2022,8,67
44,2022,9,67
76,2022,10,67
48,2022,11,67
56,2022,12,67
64,2023,1,67
1,2020,2,108
9,2020,3,108
23,2020,4,108
24,2020,5,108
10,2020,6,108
4,2020,7,108
7,2020,8,108
63,2020,9,108
87,2020,10,108
128,2020,11,108
202,2020,12,108
257,2021,1,108
110,2021,2,108
254,2021,3,108
481,2021,4,108
199,2021,5,108
32,2021,6,108
8,2021,7,108
75,2021,8,108
68,2021,9,108
21,2021,10,108
29,2021,11,108
652,2021,12,108
492,2022,1,108
69,2022,2,108
78,2022,3,108
183,2022,4,108
77,2022,5,108
59,2022,6,108
118,2022,7,108
75,2022,8,108
51,2022,9,108
62,2022,10,108
47,2022,11,108
67,2022,12,108
40,2023,1,108
1,2020,2,31
7,2020,3,31
8,2020,4,31
2,2020,5,31
2,2020,6,31
1,2020,7,31
3,2020,8,31
16,2020,9,31
17,2020,10,31
43,2020,11,31
46,2020,12,31
48,2021,1,31
22,2021,2,31
53,2021,3,31
80,2021,4,31
35,2021,5,31
5,2021,6,31
3,2021,7,31
21,2021,8,31
15,2021,9,31
4,2021,10,31
18,2021,11,31
269,2021,12,31
110,2022,1,31
56,2022,2,31
51,2022,3,31
81,2022,4,31
40,2022,5,31
16,2022,6,31
18,2022,7,31
19,2022,8,31
19,2022,9,31
15,2022,10,31
8,2022,11,31
13,2022,12,31
5,2023,1,31
1,2020,2,18
8,2020,3,18
4,2020,4,18
4,2020,5,18
2,2020,6,18
4,2020,7,18
2,2020,8,18
16,2020,9,18
20,2020,10,18
38,2020,11,18
62,2020,12,18
54,2021,1,18
39,2021,2,18
82,2021,3,18
131,2021,4,18
39,2021,5,18
8,2021,6,18
1,2021,7,18
20,2021,8,18
20,2021,9,18
12,2021,10,18
10,2021,11,18
278,2021,12,18
175,2022,1,18
43,2022,2,18
79,2022,3,18
114,2022,4,18
55,2022,5,18
50,2022,6,18
64,2022,7,18
43,2022,8,18
30,2022,9,18
33,2022,10,18
18,2022,11,18
20,2022,12,18
10,2023,1,18
1,2020,2,38
14,2020,3,38
11,2020,4,38
11,2020,5,38
2,2020,6,38
5,2020,8,38
33,2020,9,38
21,2020,10,38
31,2020,11,38
63,2020,12,38
83,2021,1,38
48,2021,2,38
63,2021,3,38
138,2021,4,38
52,2021,5,38
3,2021,6,38
3,2021,7,38
27,2021,8,38
16,2021,9,38
15,2021,10,38
14,2021,11,38
530,2021,12,38
180,2022,1,38
49,2022,2,38
124,2022,3,38
96,2022,4,38
36,2022,5,38
29,2022,6,38
53,2022,7,38
24,2022,8,38
19,2022,9,38
15,2022,10,38
18,2022,11,38
17,2022,12,38
20,2023,1,38
2,2020,2,40
63,2020,3,40
39,2020,4,40
44,2020,5,40
31,2020,6,40
17,2020,7,40
28,2020,8,40
229,2020,9,40
111,2020,10,40
114,2020,11,40
253,2020,12,40
216,2021,1,40
103,2021,2,40
302,2021,3,40
502,2021,4,40
193,2021,5,40
23,2021,6,40
49,2021,7,40
185,2021,8,40
107,2021,9,40
48,2021,10,40
86,2021,11,40
2656,2021,12,40
1082,2022,1,40
210,2022,2,40
405,2022,3,40
415,2022,4,40
266,2022,5,40
189,2022,6,40
250,2022,7,40
176,2022,8,40
132,2022,9,40
91,2022,10,40
59,2022,11,40
72,2022,12,40
54,2023,1,40
1,2020,2,97
2,2020,3,97
30,2020,4,97
5,2020,5,97
4,2020,6,97
3,2020,7,97
6,2020,8,97
20,2020,9,97
21,2020,10,97
55,2020,11,97
62,2020,12,97
62,2021,1,97
25,2021,2,97
73,2021,3,97
114,2021,4,97
45,2021,5,97
1,2021,6,97
4,2021,7,97
23,2021,8,97
18,2021,9,97
8,2021,10,97
14,2021,11,97
265,2021,12,97
174,2022,1,97
22,2022,2,97
46,2022,3,97
72,2022,4,97
36,2022,5,97
16,2022,6,97
69,2022,7,97
46,2022,8,97
26,2022,9,97
45,2022,10,97
20,2022,11,97
15,2022,12,97
19,2023,1,97
11,2020,3,80
16,2020,4,80
35,2020,5,80
19,2020,6,80
6,2020,7,80
5,2020,8,80
36,2020,9,80
83,2020,10,80
134,2020,11,80
215,2020,12,80
219,2021,1,80
81,2021,2,80
130,2021,3,80
285,2021,4,80
117,2021,5,80
21,2021,6,80
24,2021,8,80
6,2021,9,80
9,2021,10,80
8,2021,11,80
307,2021,12,80
313,2022,1,80
37,2022,2,80
32,2022,3,80
126,2022,4,80
59,2022,5,80
37,2022,6,80
138,2022,7,80
57,2022,8,80
89,2022,9,80
68,2022,10,80
73,2022,11,80
46,2022,12,80
39,2023,1,80
7,2020,3,81
19,2020,4,81
23,2020,5,81
2,2020,6,81
4,2020,7,81
2,2020,8,81
29,2020,9,81
50,2020,10,81
127,2020,11,81
211,2020,12,81
137,2021,1,81
54,2021,2,81
110,2021,3,81
313,2021,4,81
142,2021,5,81
13,2021,6,81
3,2021,7,81
28,2021,8,81
15,2021,9,81
2,2021,10,81
5,2021,11,81
368,2021,12,81
319,2022,1,81
55,2022,2,81
37,2022,3,81
99,2022,4,81
51,2022,5,81
35,2022,6,81
75,2022,7,81
53,2022,8,81
32,2022,9,81
61,2022,10,81
35,2022,11,81
44,2022,12,81
27,2023,1,81
5,2020,3,87
20,2020,4,87
10,2020,5,87
3,2020,6,87
4,2020,7,87
2,2020,8,87
19,2020,9,87
37,2020,10,87
40,2020,11,87
72,2020,12,87
54,2021,1,87
7,2021,2,87
41,2021,3,87
105,2021,4,87
81,2021,5,87
11,2021,6,87
6,2021,7,87
17,2021,8,87
20,2021,9,87
9,2021,10,87
11,2021,11,87
275,2021,12,87
189,2022,1,87
36,2022,2,87
46,2022,3,87
58,2022,4,87
31,2022,5,87
20,2022,6,87
37,2022,7,87
33,2022,8,87
13,2022,9,87
20,2022,10,87
11,2022,11,87
20,2022,12,87
16,2023,1,87
27,2020,3,57
31,2020,4,57
15,2020,5,57
5,2020,6,57
6,2020,7,57
7,2020,8,57
87,2020,9,57
78,2020,10,57
30,2020,11,57
255,2020,12,57
83,2021,1,57
26,2021,2,57
72,2021,3,57
157,2021,4,57
79,2021,5,57
5,2021,6,57
12,2021,7,57
26,2021,8,57
40,2021,9,57
13,2021,10,57
22,2021,11,57
728,2021,12,57
353,2022,1,57
65,2022,2,57
174,2022,3,57
234,2022,4,57
145,2022,5,57
86,2022,6,57
163,2022,7,57
91,2022,8,57
56,2022,9,57
165,2022,10,57
75,2022,11,57
62,2022,12,57
47,2023,1,57
11,2020,3,85
9,2020,4,85
13,2020,5,85
4,2020,6,85
5,2020,7,85
30,2020,9,85
45,2020,10,85
76,2020,11,85
165,2020,12,85
115,2021,1,85
69,2021,2,85
106,2021,3,85
214,2021,4,85
47,2021,5,85
13,2021,6,85
10,2021,7,85
26,2021,8,85
40,2021,9,85
17,2021,10,85
7,2021,11,85
500,2021,12,85
349,2022,1,85
60,2022,2,85
77,2022,3,85
241,2022,4,85
102,2022,5,85
65,2022,6,85
158,2022,7,85
133,2022,8,85
72,2022,9,85
78,2022,10,85
67,2022,11,85
49,2022,12,85
62,2023,1,85
13,2020,3,86
50,2020,4,86
47,2020,5,86
16,2020,6,86
6,2020,7,86
8,2020,8,86
29,2020,9,86
91,2020,10,86
134,2020,11,86
185,2020,12,86
235,2021,1,86
98,2021,2,86
163,2021,3,86
308,2021,4,86
163,2021,5,86
18,2021,6,86
10,2021,7,86
40,2021,8,86
28,2021,9,86
29,2021,10,86
26,2021,11,86
470,2021,12,86
398,2022,1,86
60,2022,2,86
71,2022,3,86
151,2022,4,86
76,2022,5,86
48,2022,6,86
117,2022,7,86
47,2022,8,86
48,2022,9,86
60,2022,10,86
33,2022,11,86
30,2022,12,86
33,2023,1,86
11,2020,3,114
12,2020,4,114
5,2020,5,114
6,2020,6,114
2,2020,7,114
1,2020,8,114
32,2020,9,114
22,2020,10,114
38,2020,11,114
78,2020,12,114
69,2021,1,114
30,2021,2,114
65,2021,3,114
123,2021,4,114
50,2021,5,114
1,2021,6,114
5,2021,7,114
15,2021,8,114
18,2021,9,114
7,2021,10,114
8,2021,11,114
338,2021,12,114
203,2022,1,114
38,2022,2,114
52,2022,3,114
103,2022,4,114
63,2022,5,114
38,2022,6,114
86,2022,7,114
36,2022,8,114
47,2022,9,114
87,2022,10,114
24,2022,11,114
27,2022,12,114
22,2023,1,114
27,2020,3,46
72,2020,4,46
23,2020,5,46
1,2020,6,46
3,2020,7,46
10,2020,9,46
25,2020,10,46
33,2020,11,46
66,2020,12,46
80,2021,1,46
21,2021,2,46
109,2021,3,46
125,2021,4,46
43,2021,5,46
13,2021,6,46
4,2021,7,46
15,2021,8,46
12,2021,9,46
6,2021,10,46
3,2021,11,46
151,2021,12,46
155,2022,1,46
49,2022,2,46
28,2022,3,46
61,2022,4,46
29,2022,5,46
31,2022,6,46
127,2022,7,46
37,2022,8,46
33,2022,9,46
43,2022,10,46
29,2022,11,46
28,2022,12,46
16,2023,1,46
38,2020,3,115
28,2020,4,115
10,2020,5,115
10,2020,6,115
4,2020,7,115
7,2020,8,115
31,2020,9,115
84,2020,10,115
66,2020,11,115
215,2020,12,115
181,2021,1,115
66,2021,2,115
144,2021,3,115
166,2021,4,115
66,2021,5,115
9,2021,6,115
4,2021,7,115
39,2021,8,115
29,2021,9,115
30,2021,10,115
24,2021,11,115
481,2021,12,115
375,2022,1,115
139,2022,2,115
313,2022,3,115
268,2022,4,115
105,2022,5,115
56,2022,6,115
72,2022,7,115
56,2022,8,115
35,2022,9,115
43,2022,10,115
27,2022,11,115
37,2022,12,115
24,2023,1,115
7,2020,3,69
61,2020,4,69
18,2020,5,69
8,2020,6,69
10,2020,7,69
3,2020,8,69
25,2020,9,69
18,2020,10,69
56,2020,11,69
73,2020,12,69
107,2021,1,69
21,2021,2,69
81,2021,3,69
129,2021,4,69
66,2021,5,69
8,2021,6,69
5,2021,7,69
8,2021,8,69
16,2021,9,69
8,2021,10,69
5,2021,11,69
102,2021,12,69
133,2022,1,69
19,2022,2,69
12,2022,3,69
36,2022,4,69
22,2022,5,69
13,2022,6,69
65,2022,7,69
20,2022,8,69
11,2022,9,69
13,2022,10,69
13,2022,11,69
28,2022,12,69
34,2023,1,69
22,2020,3,89
33,2020,4,89
52,2020,5,89
9,2020,6,89
5,2020,7,89
7,2020,8,89
84,2020,9,89
145,2020,10,89
347,2020,11,89
223,2020,12,89
284,2021,1,89
183,2021,2,89
296,2021,3,89
422,2021,4,89
163,2021,5,89
19,2021,6,89
6,2021,7,89
38,2021,8,89
39,2021,9,89
5,2021,10,89
25,2021,11,89
518,2021,12,89
540,2022,1,89
55,2022,2,89
57,2022,3,89
112,2022,4,89
64,2022,5,89
58,2022,6,89
169,2022,7,89
78,2022,8,89
70,2022,9,89
95,2022,10,89
73,2022,11,89
70,2022,12,89
32,2023,1,89
7,2020,3,90
17,2020,4,90
125,2020,5,90
34,2020,6,90
3,2020,8,90
29,2020,9,90
60,2020,10,90
152,2020,11,90
114,2020,12,90
121,2021,1,90
41,2021,2,90
100,2021,3,90
175,2021,4,90
73,2021,5,90
11,2021,6,90
4,2021,7,90
34,2021,8,90
16,2021,9,90
2,2021,10,90
13,2021,11,90
558,2021,12,90
309,2022,1,90
66,2022,2,90
145,2022,3,90
266,2022,4,90
92,2022,5,90
43,2022,6,90
125,2022,7,90
94,2022,8,90
50,2022,9,90
48,2022,10,90
27,2022,11,90
78,2022,12,90
95,2023,1,90
12,2020,3,95
99,2020,4,95
123,2020,5,95
61,2020,6,95
15,2020,7,95
4,2020,8,95
75,2020,9,95
143,2020,10,95
406,2020,11,95
342,2020,12,95
355,2021,1,95
124,2021,2,95
270,2021,3,95
581,2021,4,95
235,2021,5,95
29,2021,6,95
11,2021,7,95
49,2021,8,95
46,2021,9,95
16,2021,10,95
12,2021,11,95
304,2021,12,95
385,2022,1,95
50,2022,2,95
29,2022,3,95
57,2022,4,95
51,2022,5,95
53,2022,6,95
88,2022,7,95
72,2022,8,95
30,2022,9,95
40,2022,10,95
30,2022,11,95
49,2022,12,95
23,2023,1,95
4,2020,3,103
3,2020,4,103
1,2020,5,103
4,2020,6,103
2,2020,7,103
13,2020,9,103
12,2020,10,103
22,2020,11,103
34,2020,12,103
23,2021,1,103
22,2021,2,103
23,2021,3,103
68,2021,4,103
24,2021,5,103
6,2021,6,103
1,2021,7,103
14,2021,8,103
8,2021,9,103
3,2021,10,103
9,2021,11,103
209,2021,12,103
119,2022,1,103
38,2022,2,103
65,2022,3,103
65,2022,4,103
31,2022,5,103
18,2022,6,103
33,2022,7,103
19,2022,8,103
17,2022,9,103
15,2022,10,103
10,2022,11,103
12,2022,12,103
11,2023,1,103
9,2020,3,139
28,2020,4,139
41,2020,5,139
11,2020,6,139
3,2020,7,139
2,2020,8,139
31,2020,9,139
49,2020,10,139
86,2020,11,139
129,2020,12,139
145,2021,1,139
80,2021,2,139
146,2021,3,139
297,2021,4,139
104,2021,5,139
14,2021,6,139
4,2021,7,139
16,2021,8,139
18,2021,9,139
13,2021,10,139
8,2021,11,139
301,2021,12,139
265,2022,1,139
40,2022,2,139
40,2022,3,139
76,2022,4,139
33,2022,5,139
15,2022,6,139
47,2022,7,139
19,2022,8,139
30,2022,9,139
23,2022,10,139
13,2022,11,139
20,2022,12,139
21,2023,1,139
13,2020,3,117
6,2020,4,117
5,2020,6,117
3,2020,7,117
2,2020,9,117
9,2020,10,117
15,2020,11,117
27,2020,12,117
30,2021,1,117
7,2021,2,117
31,2021,3,117
68,2021,4,117
15,2021,5,117
1,2021,6,117
3,2021,7,117
5,2021,8,117
8,2021,9,117
4,2021,10,117
8,2021,11,117
211,2021,12,117
125,2022,1,117
42,2022,2,117
67,2022,3,117
81,2022,4,117
57,2022,5,117
51,2022,6,117
24,2022,7,117
35,2022,8,117
14,2022,9,117
14,2022,10,117
14,2022,11,117
16,2022,12,117
41,2023,1,117
6,2020,3,30
11,2020,4,30
5,2020,5,30
7,2020,6,30
10,2020,9,30
20,2020,10,30
31,2020,11,30
60,2020,12,30
47,2021,1,30
42,2021,2,30
45,2021,3,30
111,2021,4,30
82,2021,5,30
2,2021,6,30
3,2021,7,30
23,2021,8,30
36,2021,9,30
6,2021,10,30
13,2021,11,30
336,2021,12,30
158,2022,1,30
35,2022,2,30
61,2022,3,30
72,2022,4,30
29,2022,5,30
33,2022,6,30
49,2022,7,30
34,2022,8,30
20,2022,9,30
25,2022,10,30
18,2022,11,30
18,2022,12,30
19,2023,1,30
9,2020,3,121
38,2020,4,121
69,2020,5,121
29,2020,6,121
9,2020,7,121
7,2020,8,121
73,2020,9,121
85,2020,10,121
138,2020,11,121
197,2020,12,121
222,2021,1,121
117,2021,2,121
169,2021,3,121
383,2021,4,121
134,2021,5,121
24,2021,6,121
2,2021,7,121
30,2021,8,121
49,2021,9,121
27,2021,10,121
6,2021,11,121
270,2021,12,121
278,2022,1,121
27,2022,2,121
18,2022,3,121
49,2022,4,121
30,2022,5,121
18,2022,6,121
48,2022,7,121
37,2022,8,121
20,2022,9,121
13,2022,10,121
25,2022,11,121
27,2022,12,121
19,2023,1,121
8,2020,3,100
17,2020,4,100
9,2020,5,100
2,2020,6,100
4,2020,7,100
2,2020,8,100
22,2020,9,100
87,2020,10,100
76,2020,11,100
22,2020,12,100
52,2021,1,100
21,2021,2,100
102,2021,3,100
87,2021,4,100
27,2021,5,100
4,2021,6,100
4,2021,7,100
13,2021,8,100
12,2021,9,100
6,2021,10,100
27,2021,11,100
296,2021,12,100
135,2022,1,100
29,2022,2,100
61,2022,3,100
83,2022,4,100
49,2022,5,100
45,2022,6,100
129,2022,7,100
29,2022,8,100
20,2022,9,100
22,2022,10,100
16,2022,11,100
21,2022,12,100
12,2023,1,100
4,2020,3,58
18,2020,4,58
7,2020,5,58
3,2020,6,58
2,2020,7,58
4,2020,8,58
23,2020,9,58
36,2020,10,58
54,2020,11,58
120,2020,12,58
129,2021,1,58
53,2021,2,58
89,2021,3,58
223,2021,4,58
92,2021,5,58
19,2021,6,58
8,2021,7,58
25,2021,8,58
25,2021,9,58
6,2021,10,58
13,2021,11,58
252,2021,12,58
148,2022,1,58
26,2022,2,58
27,2022,3,58
31,2022,4,58
25,2022,5,58
13,2022,6,58
33,2022,7,58
17,2022,8,58
23,2022,9,58
15,2022,10,58
6,2022,11,58
14,2022,12,58
10,2023,1,58
11,2020,3,51
10,2020,4,51
6,2020,5,51
3,2020,6,51
2,2020,7,51
2,2020,8,51
9,2020,9,51
15,2020,10,51
19,2020,11,51
30,2020,12,51
113,2021,1,51
17,2021,2,51
35,2021,3,51
65,2021,4,51
24,2021,5,51
4,2021,6,51
1,2021,7,51
16,2021,8,51
17,2021,9,51
11,2021,10,51
15,2021,11,51
280,2021,12,51
118,2022,1,51
42,2022,2,51
108,2022,3,51
115,2022,4,51
55,2022,5,51
37,2022,6,51
49,2022,7,51
33,2022,8,51
38,2022,9,51
30,2022,10,51
22,2022,11,51
35,2022,12,51
21,2023,1,51
9,2020,3,22
7,2020,4,22
15,2020,5,22
4,2020,6,22
1,2020,7,22
2,2020,8,22
9,2020,9,22
31,2020,10,22
43,2020,11,22
87,2020,12,22
175,2021,1,22
24,2021,2,22
51,2021,3,22
167,2021,4,22
46,2021,5,22
6,2021,6,22
2,2021,7,22
26,2021,8,22
16,2021,9,22
2,2021,10,22
4,2021,11,22
305,2021,12,22
183,2022,1,22
51,2022,2,22
52,2022,3,22
84,2022,4,22
32,2022,5,22
29,2022,6,22
63,2022,7,22
51,2022,8,22
26,2022,9,22
31,2022,10,22
17,2022,11,22
26,2022,12,22
12,2023,1,22
32,2020,3,24
103,2020,4,24
51,2020,5,24
20,2020,6,24
6,2020,7,24
7,2020,8,24
40,2020,9,24
99,2020,10,24
181,2020,11,24
257,2020,12,24
295,2021,1,24
166,2021,2,24
232,2021,3,24
469,2021,4,24
155,2021,5,24
24,2021,6,24
16,2021,7,24
51,2021,8,24
84,2021,9,24
23,2021,10,24
24,2021,11,24
740,2021,12,24
666,2022,1,24
121,2022,2,24
73,2022,3,24
233,2022,4,24
106,2022,5,24
56,2022,6,24
158,2022,7,24
129,2022,8,24
69,2022,9,24
91,2022,10,24
64,2022,11,24
89,2022,12,24
57,2023,1,24
19,2020,3,47
19,2020,4,47
25,2020,5,47
5,2020,6,47
8,2020,7,47
6,2020,8,47
15,2020,9,47
33,2020,10,47
51,2020,11,47
166,2020,12,47
103,2021,1,47
48,2021,2,47
121,2021,3,47
167,2021,4,47
84,2021,5,47
9,2021,6,47
3,2021,7,47
28,2021,8,47
18,2021,9,47
33,2021,10,47
43,2021,11,47
373,2021,12,47
233,2022,1,47
62,2022,2,47
85,2022,3,47
134,2022,4,47
62,2022,5,47
46,2022,6,47
50,2022,7,47
34,2022,8,47
15,2022,9,47
23,2022,10,47
10,2022,11,47
24,2022,12,47
12,2023,1,47
8,2020,3,25
17,2020,4,25
31,2020,5,25
1,2020,6,25
2,2020,7,25
2,2020,8,25
13,2020,9,25
52,2020,10,25
110,2020,11,25
130,2020,12,25
83,2021,1,25
56,2021,2,25
113,2021,3,25
207,2021,4,25
79,2021,5,25
11,2021,6,25
1,2021,7,25
18,2021,8,25
25,2021,9,25
11,2021,10,25
12,2021,11,25
411,2021,12,25
227,2022,1,25
34,2022,2,25
60,2022,3,25
59,2022,4,25
35,2022,5,25
23,2022,6,25
65,2022,7,25
30,2022,8,25
38,2022,9,25
35,2022,10,25
19,2022,11,25
35,2022,12,25
13,2023,1,25
3,2020,3,27
24,2020,4,27
16,2020,5,27
7,2020,6,27
7,2020,7,27
1,2020,8,27
27,2020,9,27
42,2020,10,27
43,2020,11,27
133,2020,12,27
113,2021,1,27
31,2021,2,27
72,2021,3,27
226,2021,4,27
94,2021,5,27
19,2021,6,27
5,2021,7,27
23,2021,8,27
27,2021,9,27
25,2021,10,27
18,2021,11,27
374,2021,12,27
174,2022,1,27
37,2022,2,27
56,2022,3,27
62,2022,4,27
34,2022,5,27
18,2022,6,27
38,2022,7,27
29,2022,8,27
12,2022,9,27
13,2022,10,27
18,2022,11,27
24,2022,12,27
10,2023,1,27
4,2020,3,13
4,2020,4,13
3,2020,5,13
2,2020,6,13
1,2020,7,13
1,2020,8,13
14,2020,9,13
43,2020,10,13
23,2020,11,13
27,2020,12,13
43,2021,1,13
24,2021,2,13
20,2021,3,13
71,2021,4,13
38,2021,5,13
5,2021,6,13
1,2021,7,13
10,2021,8,13
6,2021,9,13
5,2021,10,13
10,2021,11,13
233,2021,12,13
124,2022,1,13
37,2022,2,13
65,2022,3,13
106,2022,4,13
38,2022,5,13
37,2022,6,13
51,2022,7,13
24,2022,8,13
25,2022,9,13
23,2022,10,13
21,2022,11,13
22,2022,12,13
9,2023,1,13
7,2020,3,10
9,2020,4,10
7,2020,5,10
6,2020,6,10
2,2020,8,10
21,2020,9,10
27,2020,10,10
34,2020,11,10
76,2020,12,10
68,2021,1,10
23,2021,2,10
100,2021,3,10
177,2021,4,10
66,2021,5,10
6,2021,6,10
7,2021,7,10
25,2021,8,10
17,2021,9,10
12,2021,10,10
22,2021,11,10
413,2021,12,10
237,2022,1,10
93,2022,2,10
134,2022,3,10
223,2022,4,10
126,2022,5,10
68,2022,6,10
101,2022,7,10
44,2022,8,10
50,2022,9,10
48,2022,10,10
30,2022,11,10
48,2022,12,10
25,2023,1,10
11,2020,3,64
101,2020,4,64
29,2020,5,64
8,2020,6,64
7,2020,7,64
17,2020,8,64
34,2020,9,64
190,2020,10,64
285,2020,11,64
291,2020,12,64
326,2021,1,64
119,2021,2,64
215,2021,3,64
413,2021,4,64
165,2021,5,64
13,2021,6,64
7,2021,7,64
34,2021,8,64
52,2021,9,64
19,2021,10,64
25,2021,11,64
483,2021,12,64
577,2022,1,64
79,2022,2,64
53,2022,3,64
133,2022,4,64
85,2022,5,64
81,2022,6,64
138,2022,7,64
102,2022,8,64
51,2022,9,64
99,2022,10,64
43,2022,11,64
70,2022,12,64
54,2023,1,64
20,2020,3,66
33,2020,4,66
20,2020,5,66
15,2020,6,66
4,2020,7,66
9,2020,8,66
60,2020,9,66
79,2020,10,66
96,2020,11,66
223,2020,12,66
257,2021,1,66
83,2021,2,66
178,2021,3,66
412,2021,4,66
178,2021,5,66
13,2021,6,66
4,2021,7,66
47,2021,8,66
55,2021,9,66
35,2021,10,66
37,2021,11,66
862,2021,12,66
494,2022,1,66
89,2022,2,66
143,2022,3,66
180,2022,4,66
98,2022,5,66
78,2022,6,66
92,2022,7,66
69,2022,8,66
32,2022,9,66
52,2022,10,66
41,2022,11,66
49,2022,12,66
31,2023,1,66
31,2020,3,92
148,2020,4,92
153,2020,5,92
105,2020,6,92
24,2020,7,92
30,2020,8,92
111,2020,9,92
209,2020,10,92
373,2020,11,92
571,2020,12,92
594,2021,1,92
298,2021,2,92
627,2021,3,92
813,2021,4,92
387,2021,5,92
40,2021,6,92
21,2021,7,92
91,2021,8,92
79,2021,9,92
39,2021,10,92
37,2021,11,92
838,2021,12,92
718,2022,1,92
79,2022,2,92
47,2022,3,92
149,2022,4,92
89,2022,5,92
62,2022,6,92
149,2022,7,92
86,2022,8,92
78,2022,9,92
69,2022,10,92
65,2022,11,92
80,2022,12,92
65,2023,1,92
12,2020,3,124
43,2020,4,124
4,2020,5,124
8,2020,6,124
5,2020,8,124
13,2020,9,124
30,2020,10,124
29,2020,11,124
42,2020,12,124
81,2021,1,124
35,2021,2,124
62,2021,3,124
121,2021,4,124
66,2021,5,124
9,2021,6,124
4,2021,7,124
21,2021,8,124
12,2021,9,124
5,2021,10,124
10,2021,11,124
321,2021,12,124
189,2022,1,124
30,2022,2,124
59,2022,3,124
74,2022,4,124
39,2022,5,124
20,2022,6,124
28,2022,7,124
32,2022,8,124
18,2022,9,124
23,2022,10,124
12,2022,11,124
17,2022,12,124
11,2023,1,124
6,2020,3,105
7,2020,4,105
7,2020,5,105
5,2020,6,105
3,2020,7,105
4,2020,8,105
19,2020,9,105
85,2020,10,105
59,2020,11,105
78,2020,12,105
96,2021,1,105
59,2021,2,105
98,2021,3,105
180,2021,4,105
79,2021,5,105
13,2021,6,105
4,2021,7,105
18,2021,8,105
24,2021,9,105
18,2021,10,105
14,2021,11,105
565,2021,12,105
309,2022,1,105
107,2022,2,105
157,2022,3,105
223,2022,4,105
75,2022,5,105
55,2022,6,105
82,2022,7,105
86,2022,8,105
54,2022,9,105
58,2022,10,105
37,2022,11,105
35,2022,12,105
30,2023,1,105
10,2020,3,65
35,2020,4,65
19,2020,5,65
35,2020,6,65
4,2020,7,65
4,2020,8,65
29,2020,9,65
32,2020,10,65
64,2020,11,65
127,2020,12,65
89,2021,1,65
33,2021,2,65
76,2021,3,65
128,2021,4,65
91,2021,5,65
5,2021,6,65
12,2021,7,65
44,2021,8,65
26,2021,9,65
14,2021,10,65
21,2021,11,65
312,2021,12,65
220,2022,1,65
74,2022,2,65
78,2022,3,65
85,2022,4,65
73,2022,5,65
24,2022,6,65
37,2022,7,65
79,2022,8,65
60,2022,9,65
70,2022,10,65
16,2022,11,65
29,2022,12,65
45,2023,1,65
16,2020,3,78
29,2020,4,78
35,2020,5,78
15,2020,6,78
4,2020,7,78
16,2020,8,78
51,2020,9,78
84,2020,10,78
215,2020,11,78
252,2020,12,78
260,2021,1,78
164,2021,2,78
169,2021,3,78
369,2021,4,78
180,2021,5,78
14,2021,6,78
11,2021,7,78
35,2021,8,78
37,2021,9,78
17,2021,10,78
20,2021,11,78
408,2021,12,78
455,2022,1,78
49,2022,2,78
38,2022,3,78
115,2022,4,78
51,2022,5,78
36,2022,6,78
118,2022,7,78
86,2022,8,78
48,2022,9,78
45,2022,10,78
42,2022,11,78
44,2022,12,78
44,2023,1,78
4,2020,3,79
18,2020,4,79
36,2020,5,79
20,2020,6,79
9,2020,7,79
12,2020,8,79
35,2020,9,79
62,2020,10,79
54,2020,11,79
107,2020,12,79
128,2021,1,79
54,2021,2,79
111,2021,3,79
209,2021,4,79
111,2021,5,79
13,2021,6,79
4,2021,7,79
12,2021,8,79
22,2021,9,79
6,2021,10,79
6,2021,11,79
191,2021,12,79
176,2022,1,79
24,2022,2,79
16,2022,3,79
35,2022,4,79
31,2022,5,79
16,2022,6,79
35,2022,7,79
19,2022,8,79
10,2022,9,79
20,2022,10,79
15,2022,11,79
18,2022,12,79
11,2023,1,79
31,2020,3,82
61,2020,4,82
38,2020,5,82
16,2020,6,82
12,2020,7,82
26,2020,8,82
69,2020,9,82
75,2020,10,82
146,2020,11,82
472,2020,12,82
340,2021,1,82
151,2021,2,82
305,2021,3,82
325,2021,4,82
115,2021,5,82
11,2021,6,82
5,2021,7,82
37,2021,8,82
50,2021,9,82
58,2021,10,82
39,2021,11,82
391,2021,12,82
512,2022,1,82
67,2022,2,82
124,2022,3,82
157,2022,4,82
83,2022,5,82
63,2022,6,82
113,2022,7,82
58,2022,8,82
35,2022,9,82
113,2022,10,82
62,2022,11,82
66,2022,12,82
66,2023,1,82
13,2020,3,83
27,2020,4,83
4,2020,5,83
17,2020,6,83
3,2020,7,83
7,2020,8,83
44,2020,9,83
30,2020,10,83
51,2020,11,83
88,2020,12,83
120,2021,1,83
46,2021,2,83
81,2021,3,83
172,2021,4,83
83,2021,5,83
21,2021,6,83
5,2021,7,83
47,2021,8,83
37,2021,9,83
33,2021,10,83
50,2021,11,83
345,2021,12,83
262,2022,1,83
40,2022,2,83
51,2022,3,83
91,2022,4,83
36,2022,5,83
25,2022,6,83
57,2022,7,83
33,2022,8,83
33,2022,9,83
42,2022,10,83
32,2022,11,83
26,2022,12,83
26,2023,1,83
7,2020,3,33
77,2020,4,33
19,2020,5,33
4,2020,6,33
6,2020,7,33
25,2020,9,33
41,2020,10,33
53,2020,11,33
109,2020,12,33
154,2021,1,33
41,2021,2,33
87,2021,3,33
150,2021,4,33
116,2021,5,33
19,2021,6,33
7,2021,7,33
24,2021,8,33
16,2021,9,33
28,2021,10,33
26,2021,11,33
198,2021,12,33
259,2022,1,33
35,2022,2,33
21,2022,3,33
54,2022,4,33
26,2022,5,33
16,2022,6,33
62,2022,7,33
44,2022,8,33
36,2022,9,33
50,2022,10,33
27,2022,11,33
38,2022,12,33
62,2023,1,33
18,2020,3,26
46,2020,4,26
41,2020,5,26
22,2020,6,26
9,2020,7,26
3,2020,8,26
36,2020,9,26
109,2020,10,26
238,2020,11,26
261,2020,12,26
246,2021,1,26
172,2021,2,26
221,2021,3,26
401,2021,4,26
133,2021,5,26
14,2021,6,26
9,2021,7,26
29,2021,8,26
35,2021,9,26
17,2021,10,26
45,2021,11,26
440,2021,12,26
380,2022,1,26
48,2022,2,26
54,2022,3,26
118,2022,4,26
65,2022,5,26
26,2022,6,26
89,2022,7,26
71,2022,8,26
28,2022,9,26
48,2022,10,26
22,2022,11,26
41,2022,12,26
24,2023,1,26
8,2020,3,34
17,2020,4,34
9,2020,5,34
1,2020,6,34
3,2020,7,34
2,2020,8,34
18,2020,9,34
18,2020,10,34
73,2020,11,34
103,2020,12,34
69,2021,1,34
38,2021,2,34
71,2021,3,34
140,2021,4,34
51,2021,5,34
4,2021,6,34
9,2021,7,34
23,2021,8,34
10,2021,9,34
5,2021,10,34
13,2021,11,34
259,2021,12,34
235,2022,1,34
63,2022,2,34
135,2022,3,34
131,2022,4,34
51,2022,5,34
32,2022,6,34
53,2022,7,34
36,2022,8,34
24,2022,9,34
25,2022,10,34
27,2022,11,34
10,2022,12,34
13,2023,1,34
11,2020,3,55
6,2020,4,55
7,2020,5,55
1,2020,7,55
9,2020,9,55
10,2020,10,55
17,2020,11,55
17,2020,12,55
35,2021,1,55
19,2021,2,55
38,2021,3,55
51,2021,4,55
17,2021,5,55
2,2021,7,55
9,2021,8,55
3,2021,9,55
6,2021,10,55
14,2021,11,55
223,2021,12,55
124,2022,1,55
63,2022,2,55
175,2022,3,55
151,2022,4,55
58,2022,5,55
30,2022,6,55
35,2022,7,55
24,2022,8,55
28,2022,9,55
15,2022,10,55
18,2022,11,55
12,2022,12,55
10,2023,1,55
21,2020,3,35
195,2020,4,35
200,2020,5,35
79,2020,6,35
22,2020,7,35
18,2020,8,35
101,2020,9,35
198,2020,10,35
365,2020,11,35
422,2020,12,35
511,2021,1,35
178,2021,2,35
388,2021,3,35
659,2021,4,35
327,2021,5,35
31,2021,6,35
8,2021,7,35
40,2021,8,35
55,2021,9,35
37,2021,10,35
26,2021,11,35
499,2021,12,35
496,2022,1,35
39,2022,2,35
39,2022,3,35
85,2022,4,35
50,2022,5,35
53,2022,6,35
79,2022,7,35
77,2022,8,35
66,2022,9,35
61,2022,10,35
45,2022,11,35
63,2022,12,35
39,2023,1,35
5,2020,3,36
6,2020,4,36
3,2020,5,36
9,2020,6,36
2,2020,7,36
3,2020,8,36
16,2020,9,36
31,2020,10,36
44,2020,11,36
51,2020,12,36
73,2021,1,36
19,2021,2,36
53,2021,3,36
109,2021,4,36
37,2021,5,36
7,2021,6,36
2,2021,7,36
9,2021,8,36
10,2021,9,36
5,2021,10,36
13,2021,11,36
351,2021,12,36
185,2022,1,36
83,2022,2,36
98,2022,3,36
146,2022,4,36
70,2022,5,36
41,2022,6,36
60,2022,7,36
43,2022,8,36
39,2022,9,36
31,2022,10,36
21,2022,11,36
24,2022,12,36
12,2023,1,36
2,2020,3,37
54,2020,4,37
82,2020,5,37
14,2020,6,37
2,2020,7,37
9,2020,9,37
30,2020,10,37
33,2020,11,37
50,2020,12,37
43,2021,1,37
22,2021,2,37
37,2021,3,37
104,2021,4,37
51,2021,5,37
3,2021,6,37
3,2021,7,37
5,2021,8,37
10,2021,9,37
8,2021,10,37
6,2021,11,37
192,2021,12,37
169,2022,1,37
24,2022,2,37
42,2022,3,37
73,2022,4,37
37,2022,5,37
28,2022,6,37
34,2022,7,37
37,2022,8,37
27,2022,9,37
25,2022,10,37
34,2022,11,37
15,2022,12,37
13,2023,1,37
12,2020,3,70
16,2020,4,70
15,2020,5,70
8,2020,6,70
3,2020,7,70
4,2020,8,70
15,2020,9,70
31,2020,10,70
27,2020,11,70
61,2020,12,70
83,2021,1,70
43,2021,2,70
53,2021,3,70
191,2021,4,70
74,2021,5,70
17,2021,6,70
8,2021,7,70
18,2021,8,70
19,2021,9,70
5,2021,10,70
26,2021,11,70
479,2021,12,70
274,2022,1,70
88,2022,2,70
87,2022,3,70
109,2022,4,70
70,2022,5,70
37,2022,6,70
94,2022,7,70
93,2022,8,70
34,2022,9,70
36,2022,10,70
18,2022,11,70
41,2022,12,70
27,2023,1,70
15,2020,3,71
12,2020,4,71
21,2020,5,71
9,2020,6,71
7,2020,7,71
5,2020,8,71
39,2020,9,71
31,2020,10,71
41,2020,11,71
139,2020,12,71
126,2021,1,71
27,2021,2,71
61,2021,3,71
114,2021,4,71
56,2021,5,71
23,2021,6,71
8,2021,7,71
27,2021,8,71
28,2021,9,71
20,2021,10,71
52,2021,11,71
565,2021,12,71
332,2022,1,71
105,2022,2,71
127,2022,3,71
163,2022,4,71
89,2022,5,71
46,2022,6,71
70,2022,7,71
53,2022,8,71
47,2022,9,71
49,2022,10,71
30,2022,11,71
59,2022,12,71
27,2023,1,71
8,2020,3,72
5,2020,4,72
12,2020,5,72
10,2020,6,72
11,2020,7,72
3,2020,8,72
17,2020,9,72
66,2020,10,72
142,2020,11,72
123,2020,12,72
173,2021,1,72
71,2021,2,72
91,2021,3,72
219,2021,4,72
89,2021,5,72
11,2021,6,72
1,2021,7,72
14,2021,8,72
12,2021,9,72
3,2021,10,72
5,2021,11,72
290,2021,12,72
184,2022,1,72
30,2022,2,72
22,2022,3,72
57,2022,4,72
35,2022,5,72
23,2022,6,72
42,2022,7,72
41,2022,8,72
22,2022,9,72
21,2022,10,72
14,2022,11,72
29,2022,12,72
23,2023,1,72
19,2020,3,62
39,2020,4,62
10,2020,5,62
2,2020,6,62
1,2020,7,62
1,2020,8,62
8,2020,9,62
22,2020,10,62
33,2020,11,62
61,2020,12,62
131,2021,1,62
32,2021,2,62
69,2021,3,62
109,2021,4,62
48,2021,5,62
7,2021,6,62
6,2021,7,62
8,2021,8,62
5,2021,9,62
6,2021,10,62
5,2021,11,62
199,2021,12,62
144,2022,1,62
23,2022,2,62
33,2022,3,62
69,2022,4,62
34,2022,5,62
19,2022,6,62
104,2022,7,62
38,2022,8,62
31,2022,9,62
134,2022,10,62
25,2022,11,62
30,2022,12,62
27,2023,1,62
10,2020,3,59
109,2020,4,59
48,2020,5,59
15,2020,6,59
6,2020,7,59
1,2020,8,59
17,2020,9,59
47,2020,10,59
39,2020,11,59
66,2020,12,59
113,2021,1,59
26,2021,2,59
87,2021,3,59
155,2021,4,59
63,2021,5,59
12,2021,6,59
6,2021,7,59
14,2021,8,59
21,2021,9,59
6,2021,10,59
27,2021,11,59
211,2021,12,59
218,2022,1,59
20,2022,2,59
27,2022,3,59
44,2022,4,59
68,2022,5,59
14,2022,6,59
54,2022,7,59
42,2022,8,59
25,2022,9,59
23,2022,10,59
15,2022,11,59
40,2022,12,59
83,2023,1,59
14,2020,3,20
37,2020,4,20
55,2020,5,20
30,2020,6,20
8,2020,7,20
11,2020,8,20
35,2020,9,20
63,2020,10,20
143,2020,11,20
234,2020,12,20
200,2021,1,20
59,2021,2,20
139,2021,3,20
283,2021,4,20
97,2021,5,20
25,2021,6,20
5,2021,7,20
39,2021,8,20
9,2021,9,20
5,2021,10,20
17,2021,11,20
240,2021,12,20
234,2022,1,20
30,2022,2,20
24,2022,3,20
42,2022,4,20
21,2022,5,20
12,2022,6,20
33,2022,7,20
33,2022,8,20
12,2022,9,20
22,2022,10,20
17,2022,11,20
20,2022,12,20
14,2023,1,20
3,2020,3,21
69,2020,4,21
58,2020,5,21
30,2020,6,21
8,2020,7,21
21,2020,8,21
40,2020,9,21
125,2020,10,21
200,2020,11,21
302,2020,12,21
317,2021,1,21
129,2021,2,21
246,2021,3,21
420,2021,4,21
192,2021,5,21
15,2021,6,21
5,2021,7,21
38,2021,8,21
33,2021,9,21
19,2021,10,21
14,2021,11,21
363,2021,12,21
307,2022,1,21
35,2022,2,21
35,2022,3,21
62,2022,4,21
26,2022,5,21
25,2022,6,21
59,2022,7,21
33,2022,8,21
22,2022,9,21
28,2022,10,21
21,2022,11,21
34,2022,12,21
22,2023,1,21
7,2020,3,11
13,2020,4,11
2,2020,5,11
5,2020,6,11
16,2020,9,11
11,2020,10,11
37,2020,11,11
92,2020,12,11
73,2021,1,11
23,2021,2,11
111,2021,3,11
120,2021,4,11
43,2021,5,11
8,2021,6,11
7,2021,7,11
18,2021,8,11
29,2021,9,11
5,2021,10,11
9,2021,11,11
281,2021,12,11
206,2022,1,11
64,2022,2,11
145,2022,3,11
123,2022,4,11
58,2022,5,11
34,2022,6,11
52,2022,7,11
33,2022,8,11
25,2022,9,11
13,2022,10,11
11,2022,11,11
48,2022,12,11
18,2023,1,11
3,2020,3,28
10,2020,4,28
19,2020,5,28
9,2020,6,28
3,2020,7,28
3,2020,8,28
13,2020,9,28
41,2020,10,28
48,2020,11,28
75,2020,12,28
101,2021,1,28
34,2021,2,28
77,2021,3,28
175,2021,4,28
60,2021,5,28
5,2021,6,28
1,2021,7,28
11,2021,8,28
19,2021,9,28
3,2021,10,28
10,2021,11,28
204,2021,12,28
162,2022,1,28
11,2022,2,28
25,2022,3,28
37,2022,4,28
19,2022,5,28
15,2022,6,28
24,2022,7,28
19,2022,8,28
16,2022,9,28
24,2022,10,28
13,2022,11,28
22,2022,12,28
11,2023,1,28
81,2020,3,12
204,2020,4,12
42,2020,5,12
20,2020,6,12
8,2020,7,12
21,2020,8,12
93,2020,9,12
114,2020,10,12
121,2020,11,12
310,2020,12,12
403,2021,1,12
116,2021,2,12
231,2021,3,12
455,2021,4,12
208,2021,5,12
32,2021,6,12
25,2021,7,12
82,2021,8,12
85,2021,9,12
64,2021,10,12
55,2021,11,12
881,2021,12,12
694,2022,1,12
121,2022,2,12
158,2022,3,12
247,2022,4,12
119,2022,5,12
88,2022,6,12
140,2022,7,12
115,2022,8,12
91,2022,9,12
97,2022,10,12
206,2022,11,12
74,2022,12,12
67,2023,1,12
7,2020,3,29
13,2020,4,29
16,2020,5,29
5,2020,6,29
2,2020,7,29
5,2020,8,29
20,2020,9,29
49,2020,10,29
43,2020,11,29
76,2020,12,29
86,2021,1,29
37,2021,2,29
75,2021,3,29
176,2021,4,29
60,2021,5,29
15,2021,6,29
5,2021,7,29
12,2021,8,29
20,2021,9,29
9,2021,10,29
14,2021,11,29
385,2021,12,29
193,2022,1,29
39,2022,2,29
66,2022,3,29
72,2022,4,29
44,2022,5,29
20,2022,6,29
46,2022,7,29
16,2022,8,29
25,2022,9,29
27,2022,10,29
11,2022,11,29
27,2022,12,29
15,2023,1,29
2,2020,3,48
19,2020,4,48
26,2020,5,48
12,2020,6,48
1,2020,7,48
1,2020,8,48
30,2020,9,48
50,2020,10,48
42,2020,11,48
102,2020,12,48
124,2021,1,48
66,2021,2,48
90,2021,3,48
275,2021,4,48
121,2021,5,48
16,2021,6,48
4,2021,7,48
22,2021,8,48
25,2021,9,48
15,2021,10,48
6,2021,11,48
227,2021,12,48
180,2022,1,48
35,2022,2,48
14,2022,3,48
44,2022,4,48
13,2022,5,48
21,2022,6,48
31,2022,7,48
22,2022,8,48
24,2022,9,48
16,2022,10,48
7,2022,11,48
16,2022,12,48
11,2023,1,48
9,2020,3,44
29,2020,4,44
43,2020,5,44
11,2020,6,44
4,2020,7,44
12,2020,8,44
36,2020,9,44
79,2020,10,44
137,2020,11,44
146,2020,12,44
139,2021,1,44
79,2021,2,44
118,2021,3,44
299,2021,4,44
150,2021,5,44
23,2021,6,44
7,2021,7,44
46,2021,8,44
23,2021,9,44
14,2021,10,44
10,2021,11,44
397,2021,12,44
399,2022,1,44
52,2022,2,44
44,2022,3,44
98,2022,4,44
47,2022,5,44
29,2022,6,44
70,2022,7,44
63,2022,8,44
37,2022,9,44
41,2022,10,44
29,2022,11,44
37,2022,12,44
37,2023,1,44
22,2020,3,52
67,2020,4,52
11,2020,5,52
2,2020,6,52
7,2020,7,52
41,2020,9,52
20,2020,10,52
58,2020,11,52
57,2020,12,52
101,2021,1,52
36,2021,2,52
113,2021,3,52
235,2021,4,52
64,2021,5,52
10,2021,6,52
7,2021,7,52
30,2021,8,52
18,2021,9,52
14,2021,10,52
26,2021,11,52
417,2021,12,52
243,2022,1,52
36,2022,2,52
83,2022,3,52
112,2022,4,52
81,2022,5,52
46,2022,6,52
71,2022,7,52
44,2022,8,52
32,2022,9,52
24,2022,10,52
25,2022,11,52
27,2022,12,52
17,2023,1,52
13,2020,3,45
76,2020,4,45
132,2020,5,45
44,2020,6,45
19,2020,7,45
41,2020,8,45
82,2020,9,45
124,2020,10,45
136,2020,11,45
191,2020,12,45
250,2021,1,45
136,2021,2,45
249,2021,3,45
341,2021,4,45
183,2021,5,45
19,2021,6,45
18,2021,7,45
45,2021,8,45
63,2021,9,45
38,2021,10,45
39,2021,11,45
431,2021,12,45
347,2022,1,45
37,2022,2,45
41,2022,3,45
90,2022,4,45
45,2022,5,45
27,2022,6,45
68,2022,7,45
57,2022,8,45
40,2022,9,45
48,2022,10,45
31,2022,11,45
36,2022,12,45
32,2023,1,45
3,2020,3,53
9,2020,4,53
21,2020,5,53
1,2020,6,53
1,2020,8,53
11,2020,9,53
19,2020,10,53
21,2020,11,53
23,2020,12,53
38,2021,1,53
8,2021,2,53
10,2021,3,53
44,2021,4,53
33,2021,5,53
2,2021,6,53
4,2021,7,53
7,2021,8,53
8,2021,9,53
3,2021,10,53
13,2021,11,53
221,2021,12,53
136,2022,1,53
48,2022,2,53
70,2022,3,53
66,2022,4,53
31,2022,5,53
17,2022,6,53
27,2022,7,53
17,2022,8,53
18,2022,9,53
17,2022,10,53
15,2022,11,53
23,2022,12,53
21,2023,1,53
14,2020,3,84
41,2020,4,84
14,2020,5,84
7,2020,6,84
4,2020,7,84
14,2020,8,84
50,2020,9,84
118,2020,10,84
292,2020,11,84
384,2020,12,84
385,2021,1,84
174,2021,2,84
248,2021,3,84
532,2021,4,84
247,2021,5,84
31,2021,6,84
14,2021,7,84
73,2021,8,84
77,2021,9,84
14,2021,10,84
14,2021,11,84
594,2021,12,84
508,2022,1,84
72,2022,2,84
65,2022,3,84
162,2022,4,84
103,2022,5,84
79,2022,6,84
184,2022,7,84
90,2022,8,84
69,2022,9,84
99,2022,10,84
67,2022,11,84
87,2022,12,84
55,2023,1,84
1,2020,3,93
6,2020,4,93
2,2020,5,93
5,2020,6,93
4,2020,7,93
2,2020,8,93
9,2020,9,93
11,2020,10,93
15,2020,11,93
31,2020,12,93
33,2021,1,93
14,2021,2,93
33,2021,3,93
82,2021,4,93
18,2021,5,93
2,2021,7,93
20,2021,8,93
11,2021,9,93
5,2021,10,93
8,2021,11,93
155,2021,12,93
110,2022,1,93
42,2022,2,93
29,2022,3,93
42,2022,4,93
21,2022,5,93
11,2022,6,93
23,2022,7,93
18,2022,8,93
6,2022,9,93
7,2022,10,93
8,2022,11,93
17,2022,12,93
3,2023,1,93
9,2020,3,3
11,2020,4,3
5,2020,5,3
2,2020,6,3
9,2020,7,3
9,2020,8,3
20,2020,9,3
26,2020,10,3
43,2020,11,3
72,2020,12,3
74,2021,1,3
31,2021,2,3
78,2021,3,3
115,2021,4,3
40,2021,5,3
6,2021,6,3
2,2021,7,3
17,2021,8,3
14,2021,9,3
15,2021,10,3
14,2021,11,3
256,2021,12,3
195,2022,1,3
41,2022,2,3
82,2022,3,3
123,2022,4,3
40,2022,5,3
29,2022,6,3
53,2022,7,3
27,2022,8,3
25,2022,9,3
21,2022,10,3
12,2022,11,3
17,2022,12,3
13,2023,1,3
9,2020,3,128
3,2020,4,128
4,2020,5,128
1,2020,6,128
2,2020,7,128
12,2020,9,128
15,2020,10,128
38,2020,11,128
37,2020,12,128
35,2021,1,128
11,2021,2,128
46,2021,3,128
56,2021,4,128
26,2021,5,128
3,2021,6,128
1,2021,7,128
7,2021,8,128
7,2021,9,128
4,2021,10,128
17,2021,11,128
349,2021,12,128
124,2022,1,128
78,2022,2,128
118,2022,3,128
114,2022,4,128
68,2022,5,128
33,2022,6,128
49,2022,7,128
23,2022,8,128
18,2022,9,128
23,2022,10,128
18,2022,11,128
17,2022,12,128
13,2023,1,128
8,2020,3,120
14,2020,4,120
2,2020,5,120
1,2020,6,120
1,2020,7,120
1,2020,8,120
16,2020,9,120
14,2020,10,120
29,2020,11,120
52,2020,12,120
28,2021,1,120
16,2021,2,120
44,2021,3,120
66,2021,4,120
21,2021,5,120
1,2021,6,120
1,2021,7,120
13,2021,8,120
15,2021,9,120
4,2021,10,120
16,2021,11,120
298,2021,12,120
139,2022,1,120
74,2022,2,120
167,2022,3,120
129,2022,4,120
68,2022,5,120
41,2022,6,120
54,2022,7,120
31,2022,8,120
23,2022,9,120
28,2022,10,120
20,2022,11,120
15,2022,12,120
12,2023,1,120
15,2020,3,138
7,2020,4,138
1,2020,5,138
1,2020,7,138
16,2020,9,138
17,2020,10,138
68,2020,11,138
54,2020,12,138
45,2021,1,138
17,2021,2,138
57,2021,3,138
97,2021,4,138
29,2021,5,138
11,2021,7,138
32,2021,8,138
23,2021,9,138
4,2021,10,138
11,2021,11,138
435,2021,12,138
210,2022,1,138
114,2022,2,138
209,2022,3,138
193,2022,4,138
89,2022,5,138
51,2022,6,138
58,2022,7,138
37,2022,8,138
35,2022,9,138
32,2022,10,138
25,2022,11,138
25,2022,12,138
19,2023,1,138
15,2020,3,132
12,2020,4,132
10,2020,5,132
2,2020,7,132
5,2020,8,132
100,2020,9,132
49,2020,10,132
25,2020,11,132
83,2020,12,132
84,2021,1,132
46,2021,2,132
59,2021,3,132
141,2021,4,132
73,2021,5,132
2,2021,6,132
8,2021,7,132
26,2021,8,132
15,2021,9,132
11,2021,10,132
18,2021,11,132
559,2021,12,132
212,2022,1,132
41,2022,2,132
100,2022,3,132
110,2022,4,132
38,2022,5,132
34,2022,6,132
45,2022,7,132
37,2022,8,132
49,2022,9,132
17,2022,10,132
13,2022,11,132
36,2022,12,132
23,2023,1,132
9,2020,3,122
10,2020,4,122
6,2020,5,122
2,2020,6,122
2,2020,7,122
3,2020,8,122
12,2020,9,122
15,2020,10,122
16,2020,11,122
45,2020,12,122
44,2021,1,122
22,2021,2,122
46,2021,3,122
106,2021,4,122
62,2021,5,122
11,2021,6,122
7,2021,7,122
24,2021,8,122
14,2021,9,122
17,2021,10,122
20,2021,11,122
192,2021,12,122
169,2022,1,122
35,2022,2,122
41,2022,3,122
40,2022,4,122
27,2022,5,122
28,2022,6,122
29,2022,7,122
17,2022,8,122
13,2022,9,122
18,2022,10,122
9,2022,11,122
19,2022,12,122
15,2023,1,122
27,2020,3,123
93,2020,4,123
59,2020,5,123
35,2020,6,123
16,2020,7,123
22,2020,8,123
86,2020,9,123
216,2020,10,123
528,2020,11,123
511,2020,12,123
478,2021,1,123
192,2021,2,123
346,2021,3,123
872,2021,4,123
383,2021,5,123
42,2021,6,123
23,2021,7,123
72,2021,8,123
63,2021,9,123
24,2021,10,123
17,2021,11,123
779,2021,12,123
878,2022,1,123
80,2022,2,123
84,2022,3,123
241,2022,4,123
129,2022,5,123
68,2022,6,123
181,2022,7,123
123,2022,8,123
78,2022,9,123
87,2022,10,123
60,2022,11,123
85,2022,12,123
52,2023,1,123
10,2020,3,125
45,2020,4,125
57,2020,5,125
23,2020,6,125
11,2020,7,125
6,2020,8,125
45,2020,9,125
73,2020,10,125
189,2020,11,125
143,2020,12,125
129,2021,1,125
80,2021,2,125
174,2021,3,125
303,2021,4,125
83,2021,5,125
20,2021,6,125
6,2021,7,125
32,2021,8,125
19,2021,9,125
27,2021,10,125
22,2021,11,125
259,2021,12,125
258,2022,1,125
30,2022,2,125
28,2022,3,125
51,2022,4,125
11,2022,5,125
16,2022,6,125
47,2022,7,125
31,2022,8,125
18,2022,9,125
19,2022,10,125
21,2022,11,125
37,2022,12,125
19,2023,1,125
6,2020,3,126
12,2020,4,126
4,2020,5,126
1,2020,6,126
3,2020,7,126
16,2020,9,126
19,2020,10,126
19,2020,11,126
45,2020,12,126
52,2021,1,126
28,2021,2,126
71,2021,3,126
84,2021,4,126
44,2021,5,126
9,2021,6,126
4,2021,7,126
9,2021,8,126
20,2021,9,126
25,2021,10,126
23,2021,11,126
212,2021,12,126
180,2022,1,126
37,2022,2,126
32,2022,3,126
64,2022,4,126
35,2022,5,126
17,2022,6,126
32,2022,7,126
19,2022,8,126
22,2022,9,126
56,2022,10,126
15,2022,11,126
14,2022,12,126
15,2023,1,126
26,2020,3,140
38,2020,4,140
43,2020,5,140
31,2020,6,140
11,2020,7,140
8,2020,8,140
55,2020,9,140
92,2020,10,140
112,2020,11,140
226,2020,12,140
199,2021,1,140
88,2021,2,140
211,2021,3,140
398,2021,4,140
178,2021,5,140
57,2021,6,140
25,2021,7,140
75,2021,8,140
57,2021,9,140
32,2021,10,140
65,2021,11,140
869,2021,12,140
760,2022,1,140
107,2022,2,140
133,2022,3,140
225,2022,4,140
109,2022,5,140
58,2022,6,140
129,2022,7,140
103,2022,8,140
63,2022,9,140
59,2022,10,140
55,2022,11,140
64,2022,12,140
48,2023,1,140
75,2020,3,130
73,2020,4,130
32,2020,5,130
17,2020,6,130
2,2020,7,130
5,2020,8,130
36,2020,9,130
98,2020,10,130
121,2020,11,130
142,2020,12,130
180,2021,1,130
47,2021,2,130
137,2021,3,130
343,2021,4,130
152,2021,5,130
13,2021,6,130
2,2021,7,130
22,2021,8,130
32,2021,9,130
14,2021,10,130
17,2021,11,130
276,2021,12,130
378,2022,1,130
46,2022,2,130
39,2022,3,130
89,2022,4,130
51,2022,5,130
33,2022,6,130
88,2022,7,130
73,2022,8,130
39,2022,9,130
47,2022,10,130
28,2022,11,130
59,2022,12,130
40,2023,1,130
31,2020,3,131
121,2020,4,131
51,2020,5,131
28,2020,6,131
6,2020,7,131
4,2020,8,131
50,2020,9,131
42,2020,10,131
51,2020,11,131
93,2020,12,131
118,2021,1,131
123,2021,2,131
133,2021,3,131
237,2021,4,131
93,2021,5,131
8,2021,6,131
3,2021,7,131
42,2021,8,131
31,2021,9,131
4,2021,10,131
25,2021,11,131
588,2021,12,131
363,2022,1,131
83,2022,2,131
112,2022,3,131
156,2022,4,131
73,2022,5,131
48,2022,6,131
119,2022,7,131
56,2022,8,131
37,2022,9,131
36,2022,10,131
28,2022,11,131
45,2022,12,131
31,2023,1,131
14,2020,3,99
104,2020,4,99
206,2020,5,99
132,2020,6,99
40,2020,7,99
31,2020,8,99
85,2020,9,99
271,2020,10,99
542,2020,11,99
573,2020,12,99
517,2021,1,99
222,2021,2,99
299,2021,3,99
645,2021,4,99
325,2021,5,99
54,2021,6,99
13,2021,7,99
62,2021,8,99
56,2021,9,99
56,2021,10,99
23,2021,11,99
489,2021,12,99
736,2022,1,99
75,2022,2,99
90,2022,3,99
142,2022,4,99
97,2022,5,99
46,2022,6,99
114,2022,7,99
69,2022,8,99
68,2022,9,99
55,2022,10,99
48,2022,11,99
90,2022,12,99
44,2023,1,99
8,2020,3,101
5,2020,4,101
3,2020,5,101
5,2020,6,101
1,2020,7,101
20,2020,9,101
12,2020,10,101
27,2020,11,101
62,2020,12,101
28,2021,1,101
15,2021,2,101
51,2021,3,101
72,2021,4,101
37,2021,5,101
2,2021,6,101
4,2021,7,101
12,2021,8,101
22,2021,9,101
10,2021,10,101
23,2021,11,101
415,2021,12,101
175,2022,1,101
52,2022,2,101
153,2022,3,101
116,2022,4,101
52,2022,5,101
31,2022,6,101
66,2022,7,101
27,2022,8,101
26,2022,9,101
31,2022,10,101
16,2022,11,101
14,2022,12,101
18,2023,1,101
19,2020,3,102
109,2020,4,102
33,2020,5,102
8,2020,6,102
5,2020,7,102
5,2020,8,102
52,2020,9,102
38,2020,10,102
75,2020,11,102
161,2020,12,102
170,2021,1,102
62,2021,2,102
116,2021,3,102
325,2021,4,102
107,2021,5,102
21,2021,6,102
6,2021,7,102
20,2021,8,102
40,2021,9,102
24,2021,10,102
25,2021,11,102
718,2021,12,102
488,2022,1,102
83,2022,2,102
135,2022,3,102
276,2022,4,102
106,2022,5,102
98,2022,6,102
142,2022,7,102
74,2022,8,102
71,2022,9,102
74,2022,10,102
58,2022,11,102
54,2022,12,102
74,2023,1,102
10,2020,3,106
62,2020,4,106
12,2020,5,106
6,2020,6,106
7,2020,7,106
2,2020,8,106
16,2020,9,106
16,2020,10,106
18,2020,11,106
66,2020,12,106
92,2021,1,106
20,2021,2,106
60,2021,3,106
145,2021,4,106
58,2021,5,106
7,2021,6,106
10,2021,7,106
19,2021,8,106
17,2021,9,106
7,2021,10,106
17,2021,11,106
238,2021,12,106
206,2022,1,106
36,2022,2,106
27,2022,3,106
80,2022,4,106
35,2022,5,106
17,2022,6,106
39,2022,7,106
25,2022,8,106
31,2022,9,106
26,2022,10,106
26,2022,11,106
32,2022,12,106
17,2023,1,106
5,2020,3,134
6,2020,4,134
5,2020,5,134
5,2020,6,134
2,2020,8,134
8,2020,9,134
20,2020,10,134
27,2020,11,134
51,2020,12,134
78,2021,1,134
49,2021,2,134
55,2021,3,134
93,2021,4,134
33,2021,5,134
5,2021,6,134
2,2021,7,134
7,2021,8,134
10,2021,9,134
2,2021,10,134
6,2021,11,134
197,2021,12,134
200,2022,1,134
19,2022,2,134
39,2022,3,134
83,2022,4,134
26,2022,5,134
24,2022,6,134
73,2022,7,134
30,2022,8,134
116,2022,9,134
46,2022,10,134
20,2022,11,134
25,2022,12,134
29,2023,1,134
31,2020,3,68
11,2020,4,68
9,2020,5,68
6,2020,6,68
11,2020,7,68
10,2020,8,68
120,2020,9,68
66,2020,10,68
52,2020,11,68
101,2020,12,68
85,2021,1,68
53,2021,2,68
166,2021,3,68
202,2021,4,68
80,2021,5,68
11,2021,6,68
23,2021,7,68
57,2021,8,68
44,2021,9,68
20,2021,10,68
30,2021,11,68
1132,2021,12,68
421,2022,1,68
84,2022,2,68
185,2022,3,68
223,2022,4,68
99,2022,5,68
51,2022,6,68
73,2022,7,68
64,2022,8,68
32,2022,9,68
43,2022,10,68
24,2022,11,68
41,2022,12,68
23,2023,1,68
8,2020,3,32
7,2020,4,32
2,2020,5,32
3,2020,6,32
1,2020,7,32
1,2020,8,32
12,2020,9,32
14,2020,10,32
24,2020,11,32
34,2020,12,32
25,2021,1,32
16,2021,2,32
15,2021,3,32
57,2021,4,32
23,2021,5,32
9,2021,6,32
3,2021,7,32
7,2021,8,32
10,2021,9,32
5,2021,10,32
3,2021,11,32
327,2021,12,32
116,2022,1,32
78,2022,2,32
125,2022,3,32
135,2022,4,32
45,2022,5,32
39,2022,6,32
48,2022,7,32
35,2022,8,32
18,2022,9,32
30,2022,10,32
18,2022,11,32
23,2022,12,32
8,2023,1,32
20,2020,3,73
101,2020,4,73
54,2020,5,73
13,2020,6,73
3,2020,7,73
5,2020,8,73
55,2020,9,73
45,2020,10,73
79,2020,11,73
150,2020,12,73
134,2021,1,73
108,2021,2,73
219,2021,3,73
230,2021,4,73
72,2021,5,73
9,2021,6,73
2,2021,7,73
19,2021,8,73
43,2021,9,73
8,2021,10,73
8,2021,11,73
475,2021,12,73
381,2022,1,73
49,2022,2,73
56,2022,3,73
77,2022,4,73
56,2022,5,73
33,2022,6,73
62,2022,7,73
53,2022,8,73
27,2022,9,73
47,2022,10,73
25,2022,11,73
38,2022,12,73
27,2023,1,73
26,2020,3,49
23,2020,4,49
21,2020,5,49
10,2020,6,49
1,2020,7,49
2,2020,8,49
16,2020,9,49
28,2020,10,49
55,2020,11,49
122,2020,12,49
114,2021,1,49
75,2021,2,49
87,2021,3,49
228,2021,4,49
81,2021,5,49
10,2021,6,49
11,2021,7,49
19,2021,8,49
31,2021,9,49
8,2021,10,49
31,2021,11,49
507,2021,12,49
319,2022,1,49
68,2022,2,49
84,2022,3,49
167,2022,4,49
62,2022,5,49
30,2022,6,49
62,2022,7,49
56,2022,8,49
33,2022,9,49
59,2022,10,49
54,2022,11,49
34,2022,12,49
19,2023,1,49
4,2020,3,74
23,2020,4,74
18,2020,5,74
11,2020,6,74
3,2020,7,74
3,2020,8,74
28,2020,9,74
100,2020,10,74
82,2020,11,74
153,2020,12,74
117,2021,1,74
63,2021,2,74
106,2021,3,74
245,2021,4,74
153,2021,5,74
10,2021,6,74
4,2021,7,74
16,2021,8,74
24,2021,9,74
27,2021,11,74
304,2021,12,74
265,2022,1,74
45,2022,2,74
36,2022,3,74
93,2022,4,74
52,2022,5,74
22,2022,6,74
54,2022,7,74
41,2022,8,74
25,2022,9,74
66,2022,10,74
24,2022,11,74
27,2022,12,74
20,2023,1,74
16,2020,3,76
30,2020,4,76
36,2020,5,76
14,2020,6,76
5,2020,7,76
5,2020,8,76
45,2020,9,76
94,2020,10,76
111,2020,11,76
151,2020,12,76
145,2021,1,76
65,2021,2,76
143,2021,3,76
292,2021,4,76
99,2021,5,76
19,2021,6,76
10,2021,7,76
22,2021,8,76
33,2021,9,76
7,2021,10,76
20,2021,11,76
455,2021,12,76
323,2022,1,76
51,2022,2,76
78,2022,3,76
144,2022,4,76
55,2022,5,76
35,2022,6,76
65,2022,7,76
35,2022,8,76
20,2022,9,76
30,2022,10,76
23,2022,11,76
37,2022,12,76
24,2023,1,76
8,2020,3,107
11,2020,4,107
7,2020,5,107
4,2020,6,107
3,2020,7,107
4,2020,8,107
18,2020,9,107
7,2020,10,107
36,2020,11,107
30,2020,12,107
54,2021,1,107
15,2021,2,107
50,2021,3,107
100,2021,4,107
36,2021,5,107
7,2021,6,107
4,2021,7,107
17,2021,8,107
14,2021,9,107
7,2021,10,107
7,2021,11,107
405,2021,12,107
134,2022,1,107
43,2022,2,107
95,2022,3,107
109,2022,4,107
49,2022,5,107
23,2022,6,107
44,2022,7,107
27,2022,8,107
18,2022,9,107
22,2022,10,107
13,2022,11,107
22,2022,12,107
14,2023,1,107
4,2020,3,109
20,2020,4,109
29,2020,5,109
29,2020,6,109
8,2020,7,109
6,2020,8,109
48,2020,9,109
67,2020,10,109
101,2020,11,109
153,2020,12,109
168,2021,1,109
40,2021,2,109
123,2021,3,109
270,2021,4,109
105,2021,5,109
15,2021,6,109
2,2021,7,109
17,2021,8,109
24,2021,9,109
5,2021,10,109
18,2021,11,109
283,2021,12,109
150,2022,1,109
19,2022,2,109
22,2022,3,109
40,2022,4,109
26,2022,5,109
12,2022,6,109
32,2022,7,109
30,2022,8,109
18,2022,9,109
18,2022,10,109
13,2022,11,109
18,2022,12,109
10,2023,1,109
5,2020,3,110
3,2020,4,110
1,2020,5,110
51,2020,6,110
3,2020,7,110
7,2020,9,110
8,2020,10,110
12,2020,11,110
31,2020,12,110
32,2021,1,110
11,2021,2,110
24,2021,3,110
56,2021,4,110
26,2021,5,110
2,2021,6,110
3,2021,7,110
6,2021,8,110
13,2021,9,110
3,2021,10,110
14,2021,11,110
239,2021,12,110
89,2022,1,110
29,2022,2,110
56,2022,3,110
98,2022,4,110
40,2022,5,110
15,2022,6,110
48,2022,7,110
21,2022,8,110
16,2022,9,110
20,2022,10,110
22,2022,11,110
26,2022,12,110
7,2023,1,110
6,2020,3,136
9,2020,4,136
11,2020,5,136
4,2020,6,136
2,2020,7,136
5,2020,8,136
17,2020,9,136
26,2020,10,136
78,2020,11,136
113,2020,12,136
128,2021,1,136
47,2021,2,136
114,2021,3,136
215,2021,4,136
102,2021,5,136
11,2021,6,136
9,2021,7,136
27,2021,8,136
13,2021,9,136
1,2021,10,136
13,2021,11,136
265,2021,12,136
215,2022,1,136
24,2022,2,136
34,2022,3,136
62,2022,4,136
39,2022,5,136
34,2022,6,136
68,2022,7,136
28,2022,8,136
29,2022,9,136
40,2022,10,136
28,2022,11,136
19,2022,12,136
20,2023,1,136
3,2020,3,88
13,2020,4,88
5,2020,5,88
11,2020,6,88
1,2020,7,88
3,2020,8,88
24,2020,9,88
50,2020,10,88
54,2020,11,88
55,2020,12,88
39,2021,1,88
47,2021,2,88
92,2021,3,88
143,2021,4,88
43,2021,5,88
6,2021,6,88
2,2021,7,88
9,2021,8,88
9,2021,9,88
6,2021,10,88
14,2021,11,88
283,2021,12,88
194,2022,1,88
31,2022,2,88
25,2022,3,88
48,2022,4,88
36,2022,5,88
22,2022,6,88
35,2022,7,88
31,2022,8,88
12,2022,9,88
17,2022,10,88
12,2022,11,88
19,2022,12,88
26,2023,1,88
13,2020,3,104
77,2020,4,104
36,2020,5,104
12,2020,6,104
2,2020,7,104
3,2020,8,104
37,2020,9,104
36,2020,10,104
72,2020,11,104
101,2020,12,104
113,2021,1,104
51,2021,2,104
58,2021,3,104
176,2021,4,104
65,2021,5,104
11,2021,6,104
6,2021,7,104
17,2021,8,104
27,2021,9,104
7,2021,10,104
10,2021,11,104
266,2021,12,104
196,2022,1,104
37,2022,2,104
25,2022,3,104
47,2022,4,104
32,2022,5,104
42,2022,6,104
51,2022,7,104
55,2022,8,104
17,2022,9,104
43,2022,10,104
51,2022,11,104
44,2022,12,104
37,2023,1,104
9,2020,3,116
37,2020,4,116
61,2020,5,116
34,2020,6,116
8,2020,7,116
4,2020,8,116
43,2020,9,116
105,2020,10,116
118,2020,11,116
237,2020,12,116
264,2021,1,116
179,2021,2,116
244,2021,3,116
456,2021,4,116
191,2021,5,116
21,2021,6,116
10,2021,7,116
43,2021,8,116
32,2021,9,116
33,2021,10,116
18,2021,11,116
425,2021,12,116
332,2022,1,116
40,2022,2,116
40,2022,3,116
86,2022,4,116
51,2022,5,116
33,2022,6,116
71,2022,7,116
39,2022,8,116
21,2022,9,116
38,2022,10,116
33,2022,11,116
38,2022,12,116
24,2023,1,116
10,2020,3,60
12,2020,4,60
12,2020,5,60
2,2020,6,60
2,2020,7,60
2,2020,8,60
26,2020,9,60
24,2020,10,60
21,2020,11,60
76,2020,12,60
59,2021,1,60
11,2021,2,60
44,2021,3,60
92,2021,4,60
54,2021,5,60
12,2021,6,60
8,2021,7,60
9,2021,8,60
7,2021,9,60
7,2021,10,60
21,2021,11,60
398,2021,12,60
228,2022,1,60
46,2022,2,60
94,2022,3,60
97,2022,4,60
33,2022,5,60
32,2022,6,60
59,2022,7,60
29,2022,8,60
26,2022,9,60
16,2022,10,60
15,2022,11,60
17,2022,12,60
16,2023,1,60
3,2020,3,75
11,2020,4,75
4,2020,5,75
7,2020,6,75
5,2020,7,75
3,2020,8,75
16,2020,9,75
31,2020,10,75
48,2020,11,75
40,2020,12,75
44,2021,1,75
25,2021,2,75
68,2021,3,75
109,2021,4,75
37,2021,5,75
8,2021,6,75
6,2021,7,75
22,2021,8,75
14,2021,9,75
15,2021,10,75
27,2021,11,75
503,2021,12,75
223,2022,1,75
92,2022,2,75
175,2022,3,75
177,2022,4,75
85,2022,5,75
60,2022,6,75
79,2022,7,75
41,2022,8,75
34,2022,9,75
40,2022,10,75
24,2022,11,75
36,2022,12,75
22,2023,1,75
24,2020,3,98
171,2020,4,98
75,2020,5,98
28,2020,6,98
14,2020,7,98
16,2020,8,98
68,2020,9,98
227,2020,10,98
621,2020,11,98
494,2020,12,98
457,2021,1,98
169,2021,2,98
337,2021,3,98
750,2021,4,98
283,2021,5,98
27,2021,6,98
16,2021,7,98
55,2021,8,98
73,2021,9,98
30,2021,10,98
33,2021,11,98
985,2021,12,98
752,2022,1,98
111,2022,2,98
101,2022,3,98
214,2022,4,98
113,2022,5,98
81,2022,6,98
171,2022,7,98
137,2022,8,98
77,2022,9,98
117,2022,10,98
45,2022,11,98
91,2022,12,98
56,2023,1,98
13,2020,3,54
1,2020,4,54
1,2020,5,54
5,2020,6,54
1,2020,7,54
8,2020,9,54
10,2020,10,54
9,2020,11,54
12,2020,12,54
26,2021,1,54
16,2021,2,54
21,2021,3,54
53,2021,4,54
25,2021,5,54
3,2021,6,54
1,2021,7,54
15,2021,8,54
23,2021,9,54
4,2021,10,54
7,2021,11,54
223,2021,12,54
122,2022,1,54
62,2022,2,54
60,2022,3,54
81,2022,4,54
32,2022,5,54
14,2022,6,54
25,2022,7,54
19,2022,8,54
21,2022,9,54
14,2022,10,54
6,2022,11,54
15,2022,12,54
8,2023,1,54
5,2020,3,14
42,2020,4,14
44,2020,5,14
13,2020,6,14
6,2020,7,14
8,2020,8,14
24,2020,9,14
34,2020,10,14
63,2020,11,14
63,2020,12,14
61,2021,1,14
52,2021,2,14
92,2021,3,14
192,2021,4,14
57,2021,5,14
8,2021,6,14
9,2021,8,14
6,2021,9,14
12,2021,10,14
5,2021,11,14
137,2021,12,14
127,2022,1,14
11,2022,2,14
11,2022,3,14
50,2022,4,14
15,2022,5,14
5,2022,6,14
22,2022,7,14
19,2022,8,14
11,2022,9,14
15,2022,10,14
14,2022,11,14
27,2022,12,14
43,2023,1,14
10,2020,3,15
32,2020,4,15
48,2020,5,15
6,2020,6,15
14,2020,8,15
33,2020,9,15
117,2020,10,15
238,2020,11,15
250,2020,12,15
303,2021,1,15
122,2021,2,15
219,2021,3,15
334,2021,4,15
116,2021,5,15
13,2021,6,15
6,2021,7,15
24,2021,8,15
41,2021,9,15
17,2021,10,15
20,2021,11,15
356,2021,12,15
411,2022,1,15
38,2022,2,15
26,2022,3,15
88,2022,4,15
51,2022,5,15
28,2022,6,15
92,2022,7,15
91,2022,8,15
32,2022,9,15
54,2022,10,15
40,2022,11,15
49,2022,12,15
26,2023,1,15
31,2020,3,16
146,2020,4,16
37,2020,5,16
10,2020,6,16
1,2020,7,16
1,2020,8,16
45,2020,9,16
93,2020,10,16
94,2020,11,16
143,2020,12,16
191,2021,1,16
76,2021,2,16
149,2021,3,16
266,2021,4,16
159,2021,5,16
11,2021,6,16
6,2021,7,16
31,2021,8,16
28,2021,9,16
17,2021,10,16
4,2021,11,16
521,2021,12,16
470,2022,1,16
63,2022,2,16
100,2022,3,16
140,2022,4,16
62,2022,5,16
46,2022,6,16
105,2022,7,16
100,2022,8,16
39,2022,9,16
71,2022,10,16
37,2022,11,16
66,2022,12,16
60,2023,1,16
6,2020,3,17
12,2020,4,17
12,2020,5,17
3,2020,6,17
2,2020,7,17
2,2020,8,17
21,2020,9,17
30,2020,10,17
48,2020,11,17
116,2020,12,17
122,2021,1,17
63,2021,2,17
97,2021,3,17
242,2021,4,17
90,2021,5,17
19,2021,6,17
5,2021,7,17
33,2021,8,17
22,2021,9,17
24,2021,10,17
25,2021,11,17
812,2021,12,17
418,2022,1,17
121,2022,2,17
184,2022,3,17
263,2022,4,17
103,2022,5,17
79,2022,6,17
170,2022,7,17
124,2022,8,17
56,2022,9,17
66,2022,10,17
46,2022,11,17
47,2022,12,17
33,2023,1,17
11,2020,3,127
12,2020,4,127
13,2020,5,127
11,2020,6,127
4,2020,7,127
8,2020,8,127
16,2020,9,127
33,2020,10,127
85,2020,11,127
447,2020,12,127
164,2021,1,127
60,2021,2,127
73,2021,3,127
187,2021,4,127
94,2021,5,127
3,2021,6,127
3,2021,7,127
8,2021,8,127
7,2021,9,127
9,2021,10,127
5,2021,11,127
230,2021,12,127
214,2022,1,127
69,2022,2,127
39,2022,3,127
65,2022,4,127
63,2022,5,127
27,2022,6,127
123,2022,7,127
65,2022,8,127
45,2022,9,127
93,2022,10,127
49,2022,11,127
39,2022,12,127
29,2023,1,127
9,2020,3,5
22,2020,4,5
12,2020,5,5
14,2020,6,5
6,2020,7,5
5,2020,8,5
19,2020,9,5
41,2020,10,5
30,2020,11,5
107,2020,12,5
131,2021,1,5
46,2021,2,5
102,2021,3,5
204,2021,4,5
142,2021,5,5
15,2021,6,5
19,2021,7,5
47,2021,8,5
48,2021,9,5
14,2021,10,5
34,2021,11,5
592,2021,12,5
381,2022,1,5
78,2022,2,5
96,2022,3,5
161,2022,4,5
59,2022,5,5
48,2022,6,5
63,2022,7,5
45,2022,8,5
42,2022,9,5
43,2022,10,5
27,2022,11,5
36,2022,12,5
23,2023,1,5
9,2020,3,6
39,2020,4,6
16,2020,5,6
16,2020,6,6
9,2020,7,6
3,2020,8,6
40,2020,9,6
72,2020,10,6
169,2020,11,6
210,2020,12,6
190,2021,1,6
83,2021,2,6
175,2021,3,6
319,2021,4,6
169,2021,5,6
12,2021,6,6
8,2021,7,6
22,2021,8,6
31,2021,9,6
8,2021,10,6
20,2021,11,6
432,2021,12,6
505,2022,1,6
48,2022,2,6
45,2022,3,6
105,2022,4,6
92,2022,5,6
36,2022,6,6
118,2022,7,6
85,2022,8,6
53,2022,9,6
103,2022,10,6
75,2022,11,6
81,2022,12,6
46,2023,1,6
12,2020,3,19
12,2020,4,19
34,2020,5,19
25,2020,6,19
1,2020,7,19
7,2020,8,19
19,2020,9,19
43,2020,10,19
83,2020,11,19
138,2020,12,19
133,2021,1,19
73,2021,2,19
119,2021,3,19
244,2021,4,19
99,2021,5,19
11,2021,6,19
6,2021,7,19
19,2021,8,19
15,2021,9,19
3,2021,10,19
4,2021,11,19
342,2021,12,19
257,2022,1,19
66,2022,2,19
69,2022,3,19
131,2022,4,19
86,2022,5,19
41,2022,6,19
112,2022,7,19
45,2022,8,19
31,2022,9,19
53,2022,10,19
17,2022,11,19
49,2022,12,19
31,2023,1,19
8,2020,3,7
6,2020,4,7
1,2020,5,7
2,2020,6,7
1,2020,7,7
24,2020,9,7
16,2020,10,7
20,2020,11,7
45,2020,12,7
47,2021,1,7
27,2021,2,7
52,2021,3,7
73,2021,4,7
38,2021,5,7
7,2021,6,7
5,2021,7,7
21,2021,8,7
18,2021,9,7
6,2021,10,7
16,2021,11,7
691,2021,12,7
204,2022,1,7
129,2022,2,7
222,2022,3,7
305,2022,4,7
97,2022,5,7
69,2022,6,7
80,2022,7,7
51,2022,8,7
47,2022,9,7
44,2022,10,7
25,2022,11,7
30,2022,12,7
18,2023,1,7
6,2020,3,8
18,2020,4,8
48,2020,5,8
27,2020,6,8
6,2020,7,8
5,2020,8,8
31,2020,9,8
71,2020,10,8
222,2020,11,8
215,2020,12,8
171,2021,1,8
54,2021,2,8
82,2021,3,8
173,2021,4,8
103,2021,5,8
13,2021,6,8
4,2021,7,8
15,2021,8,8
11,2021,9,8
7,2021,10,8
16,2021,11,8
261,2021,12,8
282,2022,1,8
33,2022,2,8
19,2022,3,8
33,2022,4,8
27,2022,5,8
26,2022,6,8
52,2022,7,8
33,2022,8,8
19,2022,9,8
108,2022,10,8
13,2022,11,8
21,2022,12,8
13,2023,1,8
12,2020,3,9
41,2020,4,9
50,2020,5,9
35,2020,6,9
6,2020,7,9
2,2020,8,9
15,2020,9,9
137,2020,10,9
329,2020,11,9
257,2020,12,9
273,2021,1,9
173,2021,2,9
232,2021,3,9
316,2021,4,9
131,2021,5,9
29,2021,6,9
3,2021,7,9
13,2021,8,9
31,2021,9,9
20,2021,10,9
29,2021,11,9
371,2021,12,9
403,2022,1,9
85,2022,2,9
43,2022,3,9
119,2022,4,9
40,2022,5,9
27,2022,6,9
105,2022,7,9
51,2022,8,9
34,2022,9,9
36,2022,10,9
34,2022,11,9
81,2022,12,9
36,2023,1,9
3,2020,3,61
21,2020,4,61
5,2020,5,61
3,2020,6,61
1,2020,7,61
19,2020,9,61
15,2020,10,61
29,2020,11,61
45,2020,12,61
41,2021,1,61
17,2021,2,61
46,2021,3,61
59,2021,4,61
31,2021,5,61
12,2021,6,61
1,2021,7,61
12,2021,8,61
3,2021,9,61
1,2021,10,61
4,2021,11,61
266,2021,12,61
126,2022,1,61
34,2022,2,61
52,2022,3,61
62,2022,4,61
32,2022,5,61
42,2022,6,61
72,2022,7,61
39,2022,8,61
50,2022,9,61
70,2022,10,61
14,2022,11,61
23,2022,12,61
29,2023,1,61
10,2020,3,39
26,2020,4,39
15,2020,5,39
20,2020,6,39
9,2020,7,39
1,2020,8,39
23,2020,9,39
51,2020,10,39
118,2020,11,39
198,2020,12,39
217,2021,1,39
71,2021,2,39
198,2021,3,39
207,2021,4,39
137,2021,5,39
7,2021,6,39
4,2021,7,39
29,2021,8,39
20,2021,9,39
12,2021,10,39
17,2021,11,39
369,2021,12,39
308,2022,1,39
63,2022,2,39
50,2022,3,39
90,2022,4,39
56,2022,5,39
47,2022,6,39
79,2022,7,39
98,2022,8,39
32,2022,9,39
39,2022,10,39
60,2022,11,39
45,2022,12,39
17,2023,1,39
18,2020,3,41
45,2020,4,41
32,2020,5,41
22,2020,6,41
9,2020,7,41
3,2020,8,41
40,2020,9,41
99,2020,10,41
144,2020,11,41
234,2020,12,41
225,2021,1,41
147,2021,2,41
225,2021,3,41
458,2021,4,41
155,2021,5,41
18,2021,6,41
10,2021,7,41
41,2021,8,41
35,2021,9,41
11,2021,10,41
14,2021,11,41
511,2021,12,41
520,2022,1,41
68,2022,2,41
48,2022,3,41
143,2022,4,41
79,2022,5,41
43,2022,6,41
111,2022,7,41
69,2022,8,41
41,2022,9,41
73,2022,10,41
39,2022,11,41
70,2022,12,41
43,2023,1,41
29,2020,3,42
152,2020,4,42
237,2020,5,42
50,2020,6,42
41,2020,7,42
20,2020,8,42
111,2020,9,42
180,2020,10,42
424,2020,11,42
507,2020,12,42
509,2021,1,42
210,2021,2,42
350,2021,3,42
859,2021,4,42
368,2021,5,42
37,2021,6,42
20,2021,7,42
60,2021,8,42
61,2021,9,42
35,2021,10,42
26,2021,11,42
647,2021,12,42
772,2022,1,42
96,2022,2,42
82,2022,3,42
188,2022,4,42
112,2022,5,42
95,2022,6,42
140,2022,7,42
130,2022,8,42
108,2022,9,42
141,2022,10,42
54,2022,11,42
137,2022,12,42
51,2023,1,42
11,2020,3,43
93,2020,4,43
59,2020,5,43
16,2020,6,43
8,2020,7,43
6,2020,8,43
84,2020,9,43
114,2020,10,43
211,2020,11,43
464,2020,12,43
490,2021,1,43
140,2021,2,43
195,2021,3,43
480,2021,4,43
242,2021,5,43
25,2021,6,43
7,2021,7,43
41,2021,8,43
31,2021,9,43
24,2021,10,43
35,2021,11,43
503,2021,12,43
628,2022,1,43
67,2022,2,43
64,2022,3,43
128,2022,4,43
112,2022,5,43
75,2022,6,43
152,2022,7,43
72,2022,8,43
41,2022,9,43
104,2022,10,43
53,2022,11,43
73,2022,12,43
52,2023,1,43
10,2020,3,119
153,2020,4,119
116,2020,5,119
48,2020,6,119
13,2020,7,119
16,2020,8,119
87,2020,9,119
145,2020,10,119
166,2020,11,119
201,2020,12,119
251,2021,1,119
118,2021,2,119
250,2021,3,119
446,2021,4,119
164,2021,5,119
25,2021,6,119
10,2021,7,119
35,2021,8,119
53,2021,9,119
29,2021,10,119
20,2021,11,119
319,2021,12,119
400,2022,1,119
40,2022,2,119
37,2022,3,119
80,2022,4,119
57,2022,5,119
36,2022,6,119
99,2022,7,119
64,2022,8,119
33,2022,9,119
45,2022,10,119
51,2022,11,119
42,2022,12,119
43,2023,1,119
2,2020,3,91
11,2020,4,91
14,2020,5,91
12,2020,6,91
3,2020,7,91
6,2020,8,91
18,2020,9,91
62,2020,10,91
35,2020,11,91
126,2020,12,91
126,2021,1,91
41,2021,2,91
126,2021,3,91
236,2021,4,91
93,2021,5,91
15,2021,6,91
3,2021,7,91
16,2021,8,91
23,2021,9,91
6,2021,10,91
12,2021,11,91
189,2021,12,91
176,2022,1,91
28,2022,2,91
34,2022,3,91
36,2022,4,91
27,2022,5,91
27,2022,6,91
27,2022,7,91
18,2022,8,91
16,2022,9,91
18,2022,10,91
16,2022,11,91
20,2022,12,91
13,2023,1,91
17,2020,3,77
20,2020,4,77
29,2020,5,77
11,2020,6,77
8,2020,7,77
6,2020,8,77
31,2020,9,77
74,2020,10,77
166,2020,11,77
301,2020,12,77
280,2021,1,77
141,2021,2,77
201,2021,3,77
457,2021,4,77
196,2021,5,77
14,2021,6,77
7,2021,7,77
45,2021,8,77
45,2021,9,77
16,2021,10,77
31,2021,11,77
621,2021,12,77
505,2022,1,77
73,2022,2,77
73,2022,3,77
180,2022,4,77
88,2022,5,77
52,2022,6,77
111,2022,7,77
68,2022,8,77
50,2022,9,77
99,2022,10,77
73,2022,11,77
61,2022,12,77
43,2023,1,77
11,2020,3,111
35,2020,4,111
43,2020,5,111
50,2020,6,111
23,2020,7,111
12,2020,8,111
43,2020,9,111
42,2020,10,111
106,2020,11,111
179,2020,12,111
205,2021,1,111
84,2021,2,111
110,2021,3,111
272,2021,4,111
151,2021,5,111
16,2021,6,111
13,2021,7,111
41,2021,8,111
31,2021,9,111
26,2021,10,111
39,2021,11,111
420,2021,12,111
291,2022,1,111
63,2022,2,111
40,2022,3,111
74,2022,4,111
60,2022,5,111
36,2022,6,111
76,2022,7,111
37,2022,8,111
24,2022,9,111
51,2022,10,111
26,2022,11,111
30,2022,12,111
38,2023,1,111
25,2020,3,112
74,2020,4,112
156,2020,5,112
38,2020,6,112
12,2020,7,112
23,2020,8,112
83,2020,9,112
288,2020,10,112
604,2020,11,112
597,2020,12,112
633,2021,1,112
236,2021,2,112
428,2021,3,112
956,2021,4,112
429,2021,5,112
46,2021,6,112
11,2021,7,112
70,2021,8,112
78,2021,9,112
21,2021,10,112
35,2021,11,112
905,2021,12,112
1023,2022,1,112
127,2022,2,112
90,2022,3,112
248,2022,4,112
137,2022,5,112
72,2022,6,112
202,2022,7,112
147,2022,8,112
147,2022,9,112
192,2022,10,112
62,2022,11,112
96,2022,12,112
69,2023,1,112
11,2020,3,133
4,2020,4,133
2,2020,5,133
5,2020,6,133
3,2020,7,133
5,2020,9,133
19,2020,10,133
26,2020,11,133
17,2020,12,133
44,2021,1,133
15,2021,2,133
51,2021,3,133
79,2021,4,133
53,2021,5,133
2,2021,6,133
8,2021,7,133
13,2021,8,133
10,2021,9,133
6,2021,10,133
3,2021,11,133
331,2021,12,133
148,2022,1,133
47,2022,2,133
118,2022,3,133
108,2022,4,133
64,2022,5,133
43,2022,6,133
51,2022,7,133
36,2022,8,133
40,2022,9,133
35,2022,10,133
18,2022,11,133
22,2022,12,133
12,2023,1,133
6,2020,3,113
4,2020,4,113
9,2020,5,113
1,2020,8,113
8,2020,9,113
12,2020,10,113
16,2020,11,113
24,2020,12,113
37,2021,1,113
11,2021,2,113
35,2021,3,113
82,2021,4,113
39,2021,5,113
1,2021,6,113
9,2021,8,113
13,2021,9,113
4,2021,10,113
14,2021,11,113
155,2021,12,113
102,2022,1,113
21,2022,2,113
46,2022,3,113
102,2022,4,113
34,2022,5,113
39,2022,6,113
34,2022,7,113
26,2022,8,113
17,2022,9,113
16,2022,10,113
7,2022,11,113
29,2022,12,113
15,2023,1,113
10,2020,3,137
32,2020,4,137
26,2020,5,137
10,2020,6,137
2,2020,7,137
23,2020,9,137
28,2020,10,137
18,2020,11,137
52,2020,12,137
84,2021,1,137
38,2021,2,137
103,2021,3,137
123,2021,4,137
42,2021,5,137
3,2021,6,137
1,2021,7,137
18,2021,8,137
15,2021,9,137
6,2021,10,137
20,2021,11,137
343,2021,12,137
198,2022,1,137
44,2022,2,137
84,2022,3,137
126,2022,4,137
71,2022,5,137
58,2022,6,137
132,2022,7,137
39,2022,8,137
33,2022,9,137
72,2022,10,137
30,2022,11,137
49,2022,12,137
31,2023,1,137
5,2020,3,129
4,2020,4,129
3,2020,5,129
2,2020,6,129
2,2020,7,129
15,2020,9,129
9,2020,10,129
25,2020,11,129
46,2020,12,129
23,2021,1,129
13,2021,2,129
40,2021,3,129
85,2021,4,129
25,2021,5,129
2,2021,6,129
1,2021,7,129
9,2021,8,129
12,2021,9,129
16,2021,10,129
7,2021,11,129
254,2021,12,129
118,2022,1,129
34,2022,2,129
75,2022,3,129
73,2022,4,129
40,2022,5,129
23,2022,6,129
38,2022,7,129
12,2022,8,129
23,2022,9,129
27,2022,10,129
9,2022,11,129
10,2022,12,129
8,2023,1,129
8,2020,3,1
16,2020,4,1
1,2020,5,1
1,2020,6,1
1,2020,7,1
15,2020,9,1
13,2020,10,1
13,2020,11,1
44,2020,12,1
33,2021,1,1
13,2021,2,1
36,2021,3,1
65,2021,4,1
41,2021,5,1
1,2021,6,1
1,2021,7,1
12,2021,8,1
14,2021,9,1
8,2021,10,1
12,2021,11,1
242,2021,12,1
127,2022,1,1
33,2022,2,1
83,2022,3,1
114,2022,4,1
60,2022,5,1
42,2022,6,1
43,2022,7,1
14,2022,8,1
35,2022,9,1
37,2022,10,1
11,2022,11,1
25,2022,12,1
19,2023,1,1
19,2020,3,2
196,2020,4,2
150,2020,5,2
52,2020,6,2
13,2020,7,2
17,2020,8,2
119,2020,9,2
173,2020,10,2
275,2020,11,2
287,2020,12,2
434,2021,1,2
209,2021,2,2
407,2021,3,2
682,2021,4,2
241,2021,5,2
37,2021,6,2
14,2021,7,2
50,2021,8,2
33,2021,9,2
24,2021,10,2
36,2021,11,2
573,2021,12,2
605,2022,1,2
48,2022,2,2
59,2022,3,2
101,2022,4,2
133,2022,5,2
55,2022,6,2
93,2022,7,2
52,2022,8,2
41,2022,9,2
47,2022,10,2
77,2022,11,2
76,2022,12,2
60,2023,1,2
9,2020,3,4
31,2020,4,4
115,2020,5,4
55,2020,6,4
29,2020,7,4
5,2020,8,4
32,2020,9,4
74,2020,10,4
110,2020,11,4
251,2020,12,4
188,2021,1,4
63,2021,2,4
151,2021,3,4
243,2021,4,4
154,2021,5,4
16,2021,6,4
3,2021,7,4
18,2021,8,4
20,2021,9,4
19,2021,10,4
21,2021,11,4
309,2021,12,4
338,2022,1,4
41,2022,2,4
29,2022,3,4
71,2022,4,4
90,2022,5,4
20,2022,6,4
133,2022,7,4
46,2022,8,4
26,2022,9,4
32,2022,10,4
24,2022,11,4
36,2022,12,4
24,2023,1,4
12,2020,4,50
8,2020,5,50
2,2020,7,50
1,2020,8,50
16,2020,9,50
19,2020,10,50
26,2020,11,50
49,2020,12,50
35,2021,1,50
16,2021,2,50
42,2021,3,50
96,2021,4,50
59,2021,5,50
8,2021,6,50
1,2021,7,50
4,2021,8,50
12,2021,9,50
5,2021,10,50
13,2021,11,50
292,2021,12,50
133,2022,1,50
24,2022,2,50
61,2022,3,50
71,2022,4,50
30,2022,5,50
42,2022,6,50
27,2022,7,50
28,2022,8,50
27,2022,9,50
30,2022,10,50
9,2022,11,50
18,2022,12,50
13,2023,1,50
